datetime;nodes;channels
2018-01-19;54;105
2018-01-20;60;125
2018-01-21;78;182
2018-01-22;101;242
2018-01-23;128;331
2018-01-24;162;440
2018-01-25;179;545
2018-01-26;206;667
2018-01-27;225;753
2018-01-28;244;803
2018-01-29;271;856
2018-01-30;286;940
2018-01-31;302;973
2018-02-01;311;997
2018-02-02;338;1056
2018-02-03;338;1058
2018-02-04;381;1180
2018-02-05;393;1273
2018-02-06;405;1288
2018-02-07;424;1342
2018-02-08;445;1412
2018-02-09;464;1522
2018-02-10;474;1633
2018-02-11;630;1751
2018-02-12;641;1790
2018-02-13;660;1747
2018-02-14;687;1703
2018-02-15;702;1721
2018-02-16;723;1603
2018-02-17;740;1611
2018-02-18;754;1635
2018-02-19;770;1696
2018-02-20;789;1692
2018-02-21;811;1614
2018-02-22;826;1618
2018-02-23;846;1543
2018-02-24;855;1476
2018-02-25;867;1504
2018-02-26;878;1544
2018-02-27;889;1485
2018-02-28;892;1512
2018-03-01;901;1542
2018-03-02;915;1549
2018-03-03;927;1643
2018-03-04;937;1780
2018-03-05;944;1822
2018-03-06;949;1845
2018-03-07;955;1844
2018-03-08;969;1861
2018-03-09;979;1866
2018-03-10;985;1722
2018-03-11;988;1627
2018-03-12;996;1651
2018-03-13;1000;1654
2018-03-14;1009;1592
2018-03-15;1015;1524
2018-03-16;817;1490
2018-03-17;858;1564
2018-03-18;922;1668
2018-03-19;946;1723
2018-03-20;987;1827
2018-03-21;1009;1854
2018-03-22;1042;1996
2018-03-23;1075;2106
2018-03-24;1102;2162
2018-03-25;1125;2228
2018-03-26;1311;2234
2018-03-27;1343;2383
2018-03-28;1370;2637
2018-03-29;1413;2858
2018-03-30;1451;3003
2018-03-31;1475;3080
2018-04-01;1505;3373
2018-04-02;1526;3507
2018-04-03;1562;3706
2018-04-04;1578;3930
2018-04-05;1604;3728
2018-04-06;1660;4400
2018-04-07;1691;4565
2018-04-08;1717;4792
2018-04-09;1741;4841
2018-04-10;1762;4928
2018-04-11;1783;4924
2018-04-12;1803;4944
2018-04-13;1797;4860
2018-04-14;1846;4955
2018-04-15;1868;5064
2018-04-16;1891;5198
2018-04-17;1915;5235
2018-04-18;1942;5277
2018-04-19;1957;5270
2018-04-20;1971;5386
2018-04-21;1990;5521
2018-04-22;2006;5646
2018-04-23;2018;5767
2018-04-24;2037;5229
2018-04-25;2045;5295
2018-04-26;2065;5309
2018-04-27;2083;5445
2018-04-28;2100;5489
2018-04-29;2111;5771
2018-04-30;2134;6228
2018-05-01;2134;6228
2018-05-02;2134;6228
2018-05-03;2180;5881
2018-05-04;2202;5995
2018-05-05;2228;6001
2018-05-06;2236;6036
2018-05-07;2258;6118
2018-05-08;2272;6199
2018-05-09;2282;6260
2018-05-10;2286;6267
2018-05-11;2295;6322
2018-05-12;2302;6318
2018-05-13;2319;6476
2018-05-14;2326;6682
2018-05-15;2337;6679
2018-05-16;2342;6789
2018-05-17;2350;6833
2018-05-18;2358;6947
2018-05-19;2368;6999
2018-05-20;2377;7007
2018-05-21;2382;6897
2018-05-22;2386;6881
2018-05-23;2393;7024
2018-05-24;2400;7144
2018-05-25;2405;7179
2018-05-26;2412;7150
2018-05-27;2415;6992
2018-05-28;2418;6987
2018-05-29;2424;6996
2018-05-30;2433;6999
2018-05-31;2445;7091
2018-06-01;2451;7110
2018-06-02;2460;7066
2018-06-03;2466;6929
2018-06-04;2475;6901
2018-06-05;2492;6835
2018-06-06;2509;6119
2018-06-07;2509;7071
2018-06-08;2509;7071
2018-06-09;2537;6272
2018-06-10;2544;6233
2018-06-11;2551;6258
2018-06-12;2568;5749
2018-06-13;2579;5858
2018-06-14;2595;5841
2018-06-15;2610;5963
2018-06-16;2625;5893
2018-06-17;2637;6020
2018-06-18;2654;5984
2018-06-19;2664;6013
2018-06-20;2671;5646
2018-06-21;2684;5577
2018-06-22;2694;5578
2018-06-23;2702;5601
2018-06-24;2707;5597
2018-06-25;2710;5475
2018-06-26;2745;5592
2018-06-27;2750;5683
2018-06-28;2774;5859
2018-06-29;2787;5898
2018-06-30;2805;5883
2018-07-01;2818;5942
2018-07-02;2833;5943
2018-07-03;2844;6003
2018-07-04;2862;5992
2018-07-05;2882;6032
2018-07-06;2892;6125
2018-07-07;2902;6245
2018-07-08;2911;6288
2018-07-09;2917;6347
2018-07-10;2928;6332
2018-07-11;2939;6305
2018-07-12;2946;6367
2018-07-13;2958;6526
2018-07-14;2961;6623
2018-07-15;2968;6594
2018-07-16;2979;6586
2018-07-17;2990;6743
2018-07-18;3003;7007
2018-07-19;3015;7117
2018-07-20;3030;7244
2018-07-21;3040;7311
2018-07-22;3053;7374
2018-07-23;3064;7443
2018-07-24;3084;7535
2018-07-25;3094;7559
2018-07-26;3110;7635
2018-07-27;1442;7646
2018-07-28;1461;7817
2018-07-29;1450;7762
2018-07-30;1455;7988
2018-07-31;1458;8070
2018-08-01;1423;8002
2018-08-02;1396;7815
2018-08-03;1382;7741
2018-08-04;1481;8335
2018-08-05;1482;8384
2018-08-06;1483;8331
2018-08-07;1494;8376
2018-08-08;1496;8397
2018-08-09;1496;8351
2018-08-10;1485;8246
2018-08-11;1487;8263
2018-08-12;1489;8281
2018-08-13;1490;8231
2018-08-14;1494;8267
2018-08-15;1497;8271
2018-08-16;1504;8289
2018-08-17;1520;8337
2018-08-18;1531;8442
2018-08-19;1519;8467
2018-08-20;1519;8483
2018-08-21;1512;8326
2018-08-22;1541;8533
2018-08-23;1544;8531
2018-08-24;1549;8583
2018-08-25;1560;8540
2018-08-26;1562;8625
2018-08-27;1562;8568
2018-08-28;1572;8597
2018-08-29;1580;8593
2018-08-30;1603;8755
2018-08-31;1616;8753
2018-09-01;1627;8816
2018-09-02;1624;8832
2018-09-03;1626;8901
2018-09-04;1631;8983
2018-09-05;1634;8973
2018-09-06;1638;9010
2018-09-07;1623;8916
2018-09-08;1622;8979
2018-09-09;1622;8979
2018-09-10;1626;9185
2018-09-11;1627;9216
2018-09-12;1629;9256
2018-09-13;1622;9269
2018-09-14;1626;9296
2018-09-15;1606;9257
2018-09-16;1615;9205
2018-09-17;1620;9203
2018-09-18;1628;9161
2018-09-19;1571;8682
2018-09-20;1569;8660
2018-09-21;1550;8568
2018-09-22;1548;8630
2018-09-23;1553;8672
2018-09-24;1560;8741
2018-09-25;1564;8707
2018-09-26;1566;8688
2018-09-27;1568;8653
2018-09-28;1574;8726
2018-09-29;1582;8734
2018-09-30;1588;8743
2018-10-01;1593;8774
2018-10-02;1658;8978
2018-10-03;1659;8962
2018-10-04;1672;8956
2018-10-05;1665;9034
2018-10-06;1665;9034
2018-10-07;1665;9034
2018-10-08;1665;9034
2018-10-09;1665;9034
2018-10-10;1665;9034
2018-10-11;1665;9034
2018-10-12;1681;9118
2018-10-13;1683;9178
2018-10-14;1680;9141
2018-10-15;1681;9089
2018-10-16;1677;9033
2018-10-17;1675;9000
2018-10-18;1668;8929
2018-10-19;1675;8927
2018-10-20;1689;9015
2018-10-21;1692;9067
2018-10-22;1709;9138
2018-10-23;1685;9070
2018-10-24;1681;9081
2018-10-25;1690;9057
2018-10-26;1694;9050
2018-10-27;1705;9033
2018-10-28;1709;9045
2018-10-29;1713;9063
2018-10-30;1721;9057
2018-10-31;1723;9027
2018-11-01;1739;9053
2018-11-02;1740;9056
2018-11-03;1743;9070
2018-11-04;1748;9117
2018-11-05;1753;9172
2018-11-06;1758;9139
2018-11-07;1758;9125
2018-11-08;1745;9225
2018-11-09;1747;9198
2018-11-10;1746;9158
2018-11-11;1751;9299
2018-11-12;1751;9308
2018-11-13;1748;9343
2018-11-14;1752;9432
2018-11-15;1765;9505
2018-11-16;1782;9695
2018-11-17;1798;11054
2018-11-18;1803;11421
2018-11-19;1811;11508
2018-11-20;1939;11872
2018-11-21;1939;11872
2018-11-22;1922;12235
2018-11-23;1843;12410
2018-11-24;1850;12457
2018-11-25;1872;12577
2018-11-26;1868;12565
2018-11-27;1903;12811
2018-11-28;1886;12788
2018-11-29;1882;12778
2018-11-30;1891;12659
2018-12-01;1895;12590
2018-12-02;1911;12704
2018-12-03;1914;12724
2018-12-04;1917;12725
2018-12-05;1931;12768
2018-12-06;1945;12922
2018-12-07;1960;13002
2018-12-08;1943;12970
2018-12-09;1946;13068
2018-12-10;1944;13122
2018-12-11;1949;13204
2018-12-12;1965;13339
2018-12-13;1978;13430
2018-12-14;1987;13508
2018-12-15;1993;13658
2018-12-16;2007;13925
2018-12-17;2035;14043
2018-12-18;2049;14191
2018-12-19;2076;14464
2018-12-20;2113;14733
2018-12-21;2132;14861
2018-12-22;2150;15016
2018-12-23;2164;15150
2018-12-24;2184;15271
2018-12-25;2212;15475
2018-12-26;2212;15475
2018-12-27;2212;15475
2018-12-28;2212;15475
2018-12-29;2212;15475
2018-12-30;2212;15475
2018-12-31;2212;15475
2019-01-01;2298;16878
2019-01-02;2376;17151
2019-01-03;2398;17547
2019-01-04;2426;17792
2019-01-05;2448;18099
2019-01-06;2472;18493
2019-01-07;2496;18774
2019-01-08;2456;18918
2019-01-09;2468;18918
2019-01-10;2493;19126
2019-01-11;2506;19291
2019-01-12;2532;19462
2019-01-13;2560;19667
2019-01-14;2578;19769
2019-01-15;2593;19398
2019-01-16;2618;19786
2019-01-17;2607;19651
2019-01-18;2595;19484
2019-01-19;2592;19391
2019-01-20;2768;20868
2019-01-21;2781;20857
2019-01-22;2790;21165
2019-01-23;2810;21601
2019-01-24;3251;21648
2019-01-25;3405;22219
2019-01-26;2830;22026
2019-01-27;2842;22220
2019-01-28;2860;22262
2019-01-29;2869;22321
2019-01-30;2885;22772
2019-01-31;2902;22945
2019-02-01;2924;22654
2019-02-02;2950;22735
2019-02-03;2958;22803
2019-02-04;2976;23026
2019-02-05;2991;23217
2019-02-06;3022;23496
2019-02-07;3043;23793
2019-02-08;3053;23934
2019-02-09;3082;24465
2019-02-10;3113;24649
2019-02-11;3147;24526
2019-02-12;3208;24684
2019-02-13;3236;24879
2019-02-14;3268;26069
2019-02-15;3286;26818
2019-02-16;3300;27122
2019-02-17;3317;27479
2019-02-18;3344;27867
2019-02-19;3370;28163
2019-02-20;3398;28599
2019-02-21;3418;29031
2019-02-22;3354;29539
2019-02-23;3493;29879
2019-02-24;3542;30215
2019-02-25;3588;30462
2019-02-26;3622;30509
2019-02-27;3549;30422
2019-02-28;3562;30403
2019-03-01;3593;30695
2019-03-02;3619;31010
2019-03-03;3643;31219
2019-03-04;3696;31218
2019-03-05;3782;32635
2019-03-06;3703;31833
2019-03-07;3802;32863
2019-03-08;3855;34450
2019-03-09;3877;34799
2019-03-10;3937;35464
2019-03-11;3967;35823
2019-03-12;3818;35295
2019-03-13;4011;37228
2019-03-14;4036;37588
2019-03-15;4060;38124
2019-03-16;3901;39049
2019-03-17;4072;40319
2019-03-18;4074;40227
2019-03-19;4079;39977
2019-03-20;4076;39976
2019-03-21;4100;40018
2019-03-22;4110;40046
2019-03-23;4120;39986
2019-03-24;4118;39787
2019-03-25;4115;39710
2019-03-26;4117;39528
2019-03-27;4122;39476
2019-03-28;4140;39411
2019-03-29;4150;39210
2019-03-30;4155;39141
2019-03-31;4179;39304
2019-04-01;4188;39303
2019-04-02;4189;39307
2019-04-03;4192;39316
2019-04-04;4089;39038
2019-04-05;4097;39014
2019-04-06;4173;39173
2019-04-07;4188;39246
2019-04-08;4196;39274
2019-04-09;4194;39128
2019-04-10;4198;39098
2019-04-11;4219;39323
2019-04-12;4226;39312
2019-04-13;4234;39133
2019-04-14;4238;39101
2019-04-15;4245;39047
2019-04-16;4243;38907
2019-04-17;4254;38796
2019-04-18;4273;38728
2019-04-19;4281;38739
2019-04-20;4286;38766
2019-04-21;4283;38719
2019-04-22;4294;38509
2019-04-23;4297;38235
2019-04-24;4294;38248
2019-04-25;4322;38441
2019-04-26;4323;38498
2019-04-27;4340;38500
2019-04-28;4347;38474
2019-04-29;4371;38516
2019-04-30;4373;38194
2019-05-01;4364;39159
2019-05-02;4366;38968
2019-05-03;4360;38951
2019-05-04;4339;38815
2019-05-05;4338;38694
2019-05-06;4346;38749
2019-05-07;4351;38753
2019-05-08;4357;38786
2019-05-09;4365;38784
2019-05-10;4269;38589
2019-05-11;4286;38599
2019-05-12;4288;38301
2019-05-13;4286;38224
2019-05-14;4291;37590
2019-05-15;4293;37605
2019-05-16;4291;37596
2019-05-17;4301;37640
2019-05-18;4311;37682
2019-05-19;4316;37625
2019-05-20;4321;37679
2019-05-21;4423;36920
2019-05-22;4437;36983
2019-05-23;4444;36978
2019-05-24;4454;36971
2019-05-25;4456;36963
2019-05-26;4462;36963
2019-05-27;4472;36957
2019-05-28;4478;36971
2019-05-29;4487;36425
2019-05-30;4491;36152
2019-05-31;4497;36197
2019-06-01;4506;36233
2019-06-02;4517;36252
2019-06-03;4516;36238
2019-06-04;4517;36208
2019-06-05;4522;36216
2019-06-06;4525;35265
2019-06-07;4533;35286
2019-06-08;4532;35379
2019-06-09;4540;35391
2019-06-10;4527;35146
2019-06-11;4518;35141
2019-06-12;4520;35164
2019-06-13;4521;35081
2019-06-14;4533;35124
2019-06-15;4536;35122
2019-06-16;4541;35148
2019-06-17;4545;35141
2019-06-18;4542;34983
2019-06-19;4553;35048
2019-06-20;4570;35112
2019-06-21;4573;35078
2019-06-22;4569;35002
2019-06-23;4565;34972
2019-06-24;4578;35039
2019-06-25;4579;35010
2019-06-26;4579;35054
2019-06-27;4580;35018
2019-06-28;4579;34946
2019-06-29;4582;34902
2019-06-30;4576;34770
2019-07-01;4576;34788
2019-07-02;4578;34766
2019-07-03;4582;34700
2019-07-04;4578;34617
2019-07-05;4576;34655
2019-07-06;4579;34753
2019-07-07;4583;34779
2019-07-08;4587;34817
2019-07-09;4597;34842
2019-07-10;4594;34790
2019-07-11;4588;33515
2019-07-12;4588;33517
2019-07-13;4593;33527
2019-07-14;4589;33517
2019-07-15;4589;33518
2019-07-16;4596;33553
2019-07-17;4577;33086
2019-07-18;4576;33105
2019-07-19;4580;33138
2019-07-20;4586;33240
2019-07-21;4591;33098
2019-07-22;4600;33161
2019-07-23;4602;33071
2019-07-24;4606;33069
2019-07-25;4606;32928
2019-07-26;4611;32960
2019-07-27;4612;32968
2019-07-28;4618;32986
2019-07-29;4621;33008
2019-07-30;4623;32953
2019-07-31;4619;32972
2019-08-01;4600;31704
2019-08-02;4676;31770
2019-08-03;4704;31792
2019-08-04;4728;31866
2019-08-05;4742;31943
2019-08-06;4762;31952
2019-08-07;4765;31882
2019-08-08;4774;31872
2019-08-09;4785;31920
2019-08-10;4793;31912
2019-08-11;4798;31958
2019-08-12;4794;31879
2019-08-13;4792;31896
2019-08-14;4795;31889
2019-08-15;4796;31968
2019-08-16;4801;31984
2019-08-17;4802;32057
2019-08-18;4808;32098
2019-08-19;4807;32100
2019-08-20;4807;32091
2019-08-21;4807;32085
2019-08-22;4819;32198
2019-08-23;4821;32229
2019-08-24;4822;32254
2019-08-25;4824;32039
2019-08-26;4831;32048
2019-08-27;4830;32089
2019-08-28;4833;32134
2019-08-29;4836;32030
2019-08-30;4834;32056
2019-08-31;4831;32063
2019-09-01;4835;32043
2019-09-02;4696;31866
2019-09-03;4791;31871
2019-09-04;4797;32008
2019-09-05;4809;31946
2019-09-06;4813;31969
2019-09-07;4822;32164
2019-09-08;4825;32226
2019-09-09;4842;32327
2019-09-10;4845;32297
2019-09-11;4848;32154
2019-09-12;4843;32002
2019-09-13;4831;31865
2019-09-14;4824;31669
2019-09-15;4822;31666
2019-09-16;4827;31662
2019-09-17;4823;31696
2019-09-18;4822;31755
2019-09-19;4824;31769
2019-09-20;4826;31870
2019-09-21;4832;31930
2019-09-22;4842;31876
2019-09-23;4848;31905
2019-09-24;4842;31890
2019-09-25;4851;32026
2019-09-26;4847;32045
2019-09-27;4855;32030
2019-09-28;4856;31974
2019-09-29;4840;31485
2019-09-30;4834;31371
2019-10-01;4836;31316
2019-10-02;4832;31100
2019-10-03;4830;31121
2019-10-04;4833;31113
2019-10-05;4837;31137
2019-10-06;4832;31095
2019-10-07;4832;31024
2019-10-08;4838;31073
2019-10-09;4845;31103
2019-10-10;4801;31089
2019-10-11;4750;31080
2019-10-12;4757;31087
2019-10-13;4761;31073
2019-10-14;4767;31079
2019-10-15;4776;31110
2019-10-16;4777;31132
2019-10-17;4786;31074
2019-10-18;4791;31059
2019-10-19;4821;31105
2019-10-20;4829;31195
2019-10-21;4834;31289
2019-10-22;4834;31272
2019-10-23;4839;31372
2019-10-24;4835;31326
2019-10-25;4840;31324
2019-10-26;4839;31281
2019-10-27;4837;31228
2019-10-28;4841;31231
2019-10-29;4841;31239
2019-10-30;4845;31196
2019-10-31;4847;31171
2019-11-01;4845;31158
2019-11-02;4843;31156
2019-11-03;4855;31169
2019-11-04;4848;31126
2019-11-05;4833;31040
2019-11-06;4810;30860
2019-11-07;4811;30821
2019-11-08;4810;30847
2019-11-09;4810;30825
2019-11-10;4813;30833
2019-11-11;4805;30829
2019-11-12;4804;30839
2019-11-13;4807;30811
2019-11-14;4817;30767
2019-11-15;4821;30750
2019-11-16;4828;30781
2019-11-17;4833;30781
2019-11-18;4843;30853
2019-11-19;4845;30864
2019-11-20;4885;31009
2019-11-21;4894;31059
2019-11-22;4907;31011
2019-11-23;4942;31114
2019-11-24;4948;31116
2019-11-25;4952;31095
2019-11-26;4950;31070
2019-11-27;4976;31133
2019-11-28;4986;31164
2019-11-29;4984;31112
2019-11-30;4991;31078
2019-12-01;4992;31094
2019-12-02;4990;31096
2019-12-03;4994;31142
2019-12-04;4991;31149
2019-12-05;4986;31161
2019-12-06;4986;31102
2019-12-07;4992;31152
2019-12-08;4997;31163
2019-12-09;4999;30979
2019-12-10;5004;30942
2019-12-11;5025;30996
2019-12-12;5026;31013
2019-12-13;5031;31065
2019-12-14;5038;31112
2019-12-15;5037;31107
2019-12-16;4843;30921
2019-12-17;4850;30962
2019-12-18;4862;31004
2019-12-19;4884;31068
2019-12-20;4884;31081
2019-12-21;4894;31146
2019-12-22;4892;31139
2019-12-23;4888;31154
2019-12-24;4894;31170
2019-12-25;4901;31202
2019-12-26;4905;31245
2019-12-27;4912;31275
2019-12-28;4914;31257
2019-12-29;4918;31251
2019-12-30;4919;31273
2019-12-31;4924;31351
2020-01-01;4924;31380
2020-01-02;4926;31397
2020-01-03;4921;31415
2020-01-04;4919;31438
2020-01-05;4926;31467
2020-01-06;4925;31507
2020-01-07;4929;31499
2020-01-08;4926;31526
2020-01-09;4931;31546
2020-01-10;4938;31603
2020-01-11;4945;31652
2020-01-12;4949;31714
2020-01-13;4957;31741
2020-01-14;4959;31640
2020-01-15;4966;31646
2020-01-16;4971;31650
2020-01-17;4969;31651
2020-01-18;4975;31668
2020-01-19;4977;31650
2020-01-20;4986;31726
2020-01-21;4997;31818
2020-01-22;4983;31859
2020-01-23;4994;31921
2020-01-24;4992;31937
2020-01-25;4991;31949
2020-01-26;4991;32012
2020-01-27;4993;31946
2020-01-28;4997;31980
2020-01-29;4998;31972
2020-01-30;5006;31989
2020-01-31;5024;31993
2020-02-01;5024;31998
2020-02-02;5034;32043
2020-02-03;5041;32077
2020-02-04;5044;32013
2020-02-05;5061;31985
2020-02-06;5073;32006
2020-02-07;5086;32076
2020-02-08;5090;32097
2020-02-09;5098;32157
2020-02-10;5113;32131
2020-02-11;5108;32021
2020-02-12;5093;31939
2020-02-13;5097;31831
2020-02-14;5116;31982
2020-02-15;5116;32036
2020-02-16;5119;32099
2020-02-17;5127;32209
2020-02-18;5126;32313
2020-02-19;5124;32339
2020-02-20;5129;32355
2020-02-21;5129;32337
2020-02-22;5132;32290
2020-02-23;5145;32336
2020-02-24;5146;32335
2020-02-25;5146;32381
2020-02-26;5147;32266
2020-02-27;5153;32266
2020-02-28;5164;32283
2020-02-29;5174;32290
2020-03-01;5176;32269
2020-03-02;5176;32077
2020-03-03;5185;32054
2020-03-04;5188;32110
2020-03-05;5192;32103
2020-03-06;5211;32103
2020-03-07;5212;31946
2020-03-08;5213;31923
2020-03-09;5217;32032
2020-03-10;5215;32038
2020-03-11;5219;32013
2020-03-12;5226;32003
2020-03-13;5222;31958
2020-03-14;5212;31977
2020-03-15;5207;31999
2020-03-16;5208;31854
2020-03-17;5229;31835
2020-03-18;5234;31842
2020-03-19;5229;31868
2020-03-20;5236;31902
2020-03-21;5257;31980
2020-03-22;5300;31928
2020-03-23;5307;31962
2020-03-24;5311;32040
2020-03-25;5315;32040
2020-03-26;5324;32102
2020-03-27;5327;32128
2020-03-28;5328;32139
2020-03-29;5334;32176
2020-03-30;5329;32172
2020-03-31;5333;32190
2020-04-01;5335;32227
2020-04-02;5336;32262
2020-04-03;5336;32283
2020-04-04;5344;32281
2020-04-05;5350;32325
2020-04-06;5350;32285
2020-04-07;5358;32315
2020-04-08;5361;32364
2020-04-09;5359;32372
2020-04-10;5357;32365
2020-04-11;5362;32398
2020-04-12;5369;32414
2020-04-13;5372;32432
2020-04-14;5373;32351
2020-04-15;5376;32316
2020-04-16;5387;32346
2020-04-17;5387;32347
2020-04-18;5391;32348
2020-04-19;5409;32389
2020-04-20;5480;32491
2020-04-21;5479;32476
2020-04-22;5492;32470
2020-04-23;5534;32389
2020-04-24;5545;32425
2020-04-25;5550;32420
2020-04-26;5552;32422
2020-04-27;5545;32382
2020-04-28;5550;32409
2020-04-29;5538;32346
2020-04-30;5536;32302
2020-05-01;5580;32336
2020-05-02;5584;32275
2020-05-03;5588;32216
2020-05-04;5577;32104
2020-05-05;5582;32098
2020-05-06;5585;32142
2020-05-07;5587;32144
2020-05-08;5594;32151
2020-05-09;5616;32140
2020-05-10;5612;32045
2020-05-11;5633;32056
2020-05-12;5642;32046
2020-05-13;5643;32040
2020-05-14;5636;31807
2020-05-15;5633;31715
2020-05-16;5610;31548
2020-05-17;5637;31558
2020-05-18;5689;31605
2020-05-19;5689;31462
2020-05-20;5698;31465
2020-05-21;5702;31441
2020-05-22;5692;31433
2020-05-23;5696;31441
2020-05-24;5703;31494
2020-05-25;5715;31556
2020-05-26;5721;31569
2020-05-27;5728;31519
2020-05-28;5727;31635
2020-05-29;5730;31691
2020-05-30;5740;31795
2020-05-31;5834;31942
2020-06-01;5840;31997
2020-06-02;5854;32192
2020-06-03;5852;32205
2020-06-04;5860;32241
2020-06-05;5866;32213
2020-06-06;5870;32216
2020-06-07;5889;32291
2020-06-08;5896;32393
2020-06-09;5904;32442
2020-06-10;5912;32573
2020-06-11;5917;32618
2020-06-12;5925;32643
2020-06-13;5930;32631
2020-06-14;5931;32661
2020-06-15;5934;32747
2020-06-16;5937;32751
2020-06-17;5937;32784
2020-06-18;5945;32847
2020-06-19;5945;32880
2020-06-20;5954;32994
2020-06-21;5956;33031
2020-06-22;5959;33037
2020-06-23;5954;32994
2020-06-24;5957;33004
2020-06-25;5963;33026
2020-06-26;5968;33083
2020-06-27;5968;33120
2020-06-28;5971;33206
2020-06-29;5970;33229
2020-06-30;5971;33273
2020-07-01;5979;33318
2020-07-02;5979;33367
2020-07-03;5993;33429
2020-07-04;6041;33411
2020-07-05;6041;33411
2020-07-06;6041;33411
2020-07-07;6041;33411
2020-07-08;6041;33411
2020-07-09;6041;33411
2020-07-10;6041;33411
2020-07-11;6041;33411
2020-07-12;6041;33411
2020-07-13;6041;33411
2020-07-14;6041;33411
2020-07-15;6041;33411
2020-07-16;6041;33411
2020-07-17;6041;33411
2020-07-18;6041;33411
2020-07-19;6041;33411
2020-07-20;6041;33411
2020-07-21;6041;33411
2020-07-22;6041;33411
2020-07-23;6041;33411
2020-07-24;6041;33411
2020-07-25;6041;33411
2020-07-26;6041;33411
2020-07-27;6041;33411
2020-07-28;6041;33411
2020-07-29;6041;33411
2020-07-30;6041;33411
2020-07-31;6041;33411
2020-08-01;6082;33364
2020-08-02;6087;33372
2020-08-03;6086;33330
2020-08-04;6026;33190
2020-08-05;6036;33229
2020-08-06;6040;33244
2020-08-07;6045;33227
2020-08-08;6047;33124
2020-08-09;6053;33188
2020-08-10;6055;33215
2020-08-11;6061;33220
2020-08-12;6074;33271
2020-08-13;6082;33333
2020-08-14;6082;33347
2020-08-15;6078;33390
2020-08-16;6079;33424
2020-08-17;6082;33478
2020-08-18;6082;33452
2020-08-19;6081;33432
2020-08-20;6059;33201
2020-08-21;6059;33011
2020-08-22;6060;32965
2020-08-23;6070;33174
2020-08-24;6080;33259
2020-08-25;6081;33218
2020-08-26;6100;33232
2020-08-27;6111;33226
2020-08-28;6117;33218
2020-08-29;6134;33352
2020-08-30;7614;38123
2020-08-31;7622;38162
2020-09-01;7628;38149
2020-09-02;7633;38151
2020-09-03;7632;38126
2020-09-04;7632;38101
2020-09-05;7625;38053
2020-09-06;7617;37398
2020-09-07;7628;37553
2020-09-08;7636;37703
2020-09-09;7631;37645
2020-09-10;7589;37275
2020-09-11;7591;37298
2020-09-12;7600;37423
2020-09-13;7602;37530
2020-09-14;7591;37456
2020-09-15;7601;37486
2020-09-16;7598;37524
2020-09-17;7607;37587
2020-09-18;7610;37646
2020-09-19;7618;37692
2020-09-20;7619;37796
2020-09-21;7616;37841
2020-09-22;7616;37841
2020-09-23;7616;37841
2020-09-24;7616;37841
2020-09-25;7616;37841
2020-09-26;7661;37927
2020-09-27;7661;37927
2020-09-28;7706;38312
2020-09-29;7706;38312
2020-09-30;7709;38331
2020-10-01;7716;38344
2020-10-02;7718;38342
2020-10-03;7718;38267
2020-10-04;7721;38267
2020-10-05;7721;38267
2020-10-06;7721;38267
2020-10-07;7663;38432
2020-10-08;7670;38282
2020-10-09;7668;38208
2020-10-10;7639;37618
2020-10-11;7638;37508
2020-10-12;7656;37533
2020-10-13;7653;37474
2020-10-14;7647;37435
2020-10-15;7664;37514
2020-10-16;7666;37187
2020-10-17;7671;37129
2020-10-18;7678;37127
2020-10-19;7673;37079
2020-10-20;7677;37016
2020-10-21;7675;36976
2020-10-22;7673;36905
2020-10-23;7645;36706
2020-10-24;7652;36649
2020-10-25;7654;36623
2020-10-26;7665;36652
2020-10-27;7665;36639
2020-10-28;7665;36629
2020-10-29;7665;36616
2020-10-30;7666;36609
2020-10-31;7658;36601
2020-11-01;7647;36496
2020-11-02;7643;36459
2020-11-03;7607;36282
2020-11-04;7608;36222
2020-11-05;7601;36097
2020-11-06;7597;36088
2020-11-07;7590;36076
2020-11-08;7623;36142
2020-11-09;7654;36228
2020-11-10;7676;36230
2020-11-11;7693;36275
2020-11-12;7713;36203
2020-11-13;7728;36234
2020-11-14;7730;36312
2020-11-15;7781;36427
2020-11-16;7802;36485
2020-11-17;7812;36493
2020-11-18;7840;36522
2020-11-19;7846;36563
2020-11-20;7890;36646
2020-11-21;7895;36645
2020-11-22;7911;36652
2020-11-23;7939;36738
2020-11-24;7947;36714
2020-11-25;7946;36676
2020-11-26;7947;36651
2020-11-27;7943;36604
2020-11-28;7950;36641
2020-11-29;7988;36749
2020-11-30;7995;36824
2020-12-01;7992;36799
2020-12-02;7988;36784
2020-12-03;7982;36726
2020-12-04;7992;36673
2020-12-05;7996;36676
2020-12-06;8002;36720
2020-12-07;8031;36873
2020-12-08;8026;36891
2020-12-09;8021;36884
2020-12-10;8024;36931
2020-12-11;8030;36970
2020-12-12;8039;36991
2020-12-13;8047;37038
2020-12-14;8067;37091
2020-12-15;8067;37100
2020-12-16;8071;37023
2020-12-17;8071;36989
2020-12-18;8078;36973
2020-12-19;8081;36943
2020-12-20;8089;36956
2020-12-21;8107;36994
2020-12-22;8116;36851
2020-12-23;8120;36855
2020-12-24;8127;36839
2020-12-25;8134;36839
2020-12-26;8139;36843
2020-12-27;8156;36898
2020-12-28;8182;36962
2020-12-29;8184;36973
2020-12-30;8250;37101
2020-12-31;8259;37167
2021-01-01;8269;37208
2021-01-02;8296;37298
2021-01-03;8289;37160
2021-01-04;8292;37146
2021-01-05;8307;37129
2021-01-06;8310;37067
2021-01-07;8323;37065
2021-01-08;8328;37050
2021-01-09;8331;37039
2021-01-10;8364;37006
2021-01-11;8374;36979
2021-01-12;8372;36882
2021-01-13;8379;36791
2021-01-14;8385;36798
2021-01-15;8390;36762
2021-01-16;8406;36773
2021-01-17;8441;36899
2021-01-18;8469;37002
2021-01-19;8482;37040
2021-01-20;8491;37104
2021-01-21;8507;37154
2021-01-22;8514;37155
2021-01-23;8525;37287
2021-01-24;8564;37517
2021-01-25;8590;37678
2021-01-26;8615;37766
2021-01-27;8627;37841
2021-01-28;8634;37928
2021-01-29;8636;37972
2021-01-30;8638;37966
2021-01-31;8653;37978
2021-02-01;8674;38027
2021-02-02;8695;38063
2021-02-03;8785;38211
2021-02-04;8789;38214
2021-02-05;8859;38304
2021-02-06;8867;38388
2021-02-07;8889;38474
2021-02-08;8913;38596
2021-02-09;8915;38505
2021-02-10;8925;38472
2021-02-11;8929;38383
2021-02-12;8934;38370
2021-02-13;8954;38407
2021-02-14;8980;38491
2021-02-15;9006;38559
2021-02-16;9012;38553
2021-02-17;9084;38656
2021-02-18;9139;38719
2021-02-19;8987;38532
2021-02-20;9126;38681
2021-02-21;9143;38722
2021-02-22;9158;38743
2021-02-23;9166;38744
2021-02-24;9181;38768
2021-02-25;9191;38858
2021-02-26;9213;38873
2021-02-27;9266;38957
2021-02-28;9285;39026
2021-03-01;9302;39052
2021-03-02;9303;39081
2021-03-03;9330;38959
2021-03-04;9350;39025
2021-03-05;9366;39074
2021-03-06;9392;39116
2021-03-07;9413;39296
2021-03-08;9439;39367
2021-03-09;9447;39447
2021-03-10;9458;39570
2021-03-11;9466;39580
2021-03-12;9485;39623
2021-03-13;9491;39662
2021-03-14;9511;39782
2021-03-15;9548;39921
2021-03-16;9683;40090
2021-03-17;9719;40191
2021-03-18;9726;40215
2021-03-19;9764;40237
2021-03-20;9794;40400
2021-03-21;9864;40669
2021-03-22;9905;40901
2021-03-23;9922;40860
2021-03-24;10085;41067
2021-03-25;10105;41159
2021-03-26;10106;41051
2021-03-27;10141;41158
2021-03-28;10174;41314
2021-03-29;10217;41482
2021-03-30;10261;41557
2021-03-31;10285;41576
2021-04-01;10320;41671
2021-04-02;10336;41685
2021-04-03;10349;41694
2021-04-04;10395;41881
2021-04-05;10440;42106
2021-04-06;10466;42293
2021-04-07;10498;42420
2021-04-08;10526;42631
2021-04-09;10548;42685
2021-04-10;10578;42791
2021-04-11;10620;43029
2021-04-12;10653;43148
2021-04-13;10659;43100
2021-04-14;10662;42924
2021-04-15;10680;42873
2021-04-16;10686;42869
2021-04-17;10698;42887
2021-04-18;10701;42852
2021-04-19;10702;42844
2021-04-20;10709;42788
2021-04-21;10717;42793
2021-04-22;10722;42772
2021-04-23;10728;42770
2021-04-24;10733;42655
2021-04-25;10778;42805
2021-04-26;10805;42936
2021-04-27;10820;42942
2021-04-28;10833;43052
2021-04-29;10839;43137
2021-04-30;10861;43230
2021-05-01;10883;43285
2021-05-02;10923;43533
2021-05-03;10971;43853
2021-05-04;11000;43976
2021-05-05;11021;44151
2021-05-06;11061;44255
2021-05-07;11096;44455
2021-05-08;11130;44616
2021-05-09;11154;44767
2021-05-10;11180;45004
2021-05-11;11209;45226
2021-05-12;11250;45561
2021-05-13;11277;45823
2021-05-14;11295;45915
2021-05-15;11315;46002
2021-05-16;11350;46269
2021-05-17;11368;46360
2021-05-18;11385;46368
2021-05-19;11390;46379
2021-05-20;11400;46385
2021-05-21;11412;46407
2021-05-22;11427;46464
2021-05-23;11455;46587
2021-05-24;11470;46736
2021-05-25;11499;46896
2021-05-26;11523;47008
2021-05-27;11554;47180
2021-05-28;11573;47365
2021-05-29;11601;47527
2021-05-30;11630;47734
2021-05-31;11670;48056
2021-06-01;11705;48211
2021-06-02;11708;48339
2021-06-03;11711;48558
2021-06-04;11738;48708
2021-06-05;11766;48917
2021-06-06;11792;49103
2021-06-07;11820;49250
2021-06-08;11842;49302
2021-06-09;11866;49451
2021-06-10;11880;49438
2021-06-11;11902;49467
2021-06-12;11932;49508
2021-06-13;11976;49811
2021-06-14;12032;50230
2021-06-15;12069;50442
2021-06-16;12100;50639
2021-06-17;12128;50936
2021-06-18;12173;51148
2021-06-19;12227;51473
2021-06-20;12273;51689
2021-06-21;12289;51798
2021-06-22;12296;51804
2021-06-23;12317;51897
2021-06-24;12326;51952
2021-06-25;12360;52083
2021-06-26;12386;52263
2021-06-27;12419;52433
2021-06-28;12434;52412
2021-06-29;12457;52589
2021-06-30;12478;52671
2021-07-01;12502;52795
2021-07-02;12537;52890
2021-07-03;12571;52996
2021-07-04;12609;53318
2021-07-05;12660;53666
2021-07-06;12609;53799
2021-07-07;12642;54157
2021-07-08;12680;54507
2021-07-09;12710;54854
2021-07-10;12756;55152
2021-07-11;12788;55539
2021-07-12;12808;55858
2021-07-13;12839;56198
2021-07-14;12888;56627
2021-07-15;12920;56947
2021-07-16;12959;57247
2021-07-17;13034;57612
2021-07-18;13134;57994
2021-07-19;13161;58215
2021-07-20;13217;58436
2021-07-21;13253;58757
2021-07-22;13279;59072
2021-07-23;13286;59334
2021-07-24;13331;59567
2021-07-25;13363;59724
2021-07-26;13392;60041
2021-07-27;13500;60513
2021-07-28;13600;61005
2021-07-29;13609;61261
2021-07-30;13647;61350
2021-07-31;13685;61582
2021-08-01;13677;61785
2021-08-02;13714;62310
2021-08-03;13751;62755
2021-08-04;13786;63020
2021-08-05;13817;63212
2021-08-06;13842;63408
2021-08-07;13950;63862
2021-08-08;13984;64075
2021-08-09;14017;64233
2021-08-10;14049;64399
2021-08-11;14105;64637
2021-08-12;14152;64932
2021-08-13;14224;65146
2021-08-14;14279;65402
2021-08-15;14323;65628
2021-08-16;14352;65858
2021-08-17;14425;66121
2021-08-18;14477;66304
2021-08-19;14585;66574
2021-08-20;14660;66810
2021-08-21;14709;67003
2021-08-22;14744;67220
2021-08-23;14788;67388
2021-08-24;14828;67596
2021-08-25;14910;67995
2021-08-26;14991;68300
2021-08-27;15059;68410
2021-08-28;15091;68538
2021-08-29;15134;68735
2021-08-30;15162;68892
2021-08-31;15204;69089
2021-09-01;15236;69263
2021-09-02;15274;69390
2021-09-03;15316;69505
2021-09-04;15345;69661
2021-09-05;15382;69942
2021-09-06;15414;70173
2021-09-07;15412;70263
2021-09-08;15421;70472
2021-09-09;15458;70747
2021-09-10;15504;71050
2021-09-11;15525;71347
2021-09-12;15558;71570
2021-09-13;15606;71822
2021-09-14;15657;72009
2021-09-15;15690;72323
2021-09-16;15774;72619
2021-09-17;15813;72790
2021-09-18;15835;72192
2021-09-19;15873;72596
2021-09-20;15886;72811
2021-09-21;15896;73085
2021-09-22;15905;73381
2021-09-23;15929;73653
2021-09-24;15959;74042
2021-09-25;15973;74286
2021-09-26;15997;74490
2021-09-27;16011;74648
2021-09-28;16035;74186
2021-09-29;16060;74399
2021-09-30;16042;74582
2021-10-01;16064;74776
2021-10-02;16073;74939
2021-10-03;16099;75161
2021-10-04;16117;75310
2021-10-05;16152;75487
2021-10-06;16168;75586
2021-10-07;16189;75612
2021-10-08;16245;75858
2021-10-09;16297;76093
2021-10-10;16354;76438
2021-10-11;16379;76545
2021-10-12;16400;76769
2021-10-13;16425;77009
2021-10-14;16455;77243
2021-10-15;16490;77372
2021-10-16;16582;77460
2021-10-17;17009;77817
2021-10-18;17448;78347
2021-10-27;17681;79659
2021-10-28;17714;79873
2021-10-29;17739;80030
2021-10-30;17746;79483
2021-10-31;17760;79759
2021-11-01;17785;79924
2021-11-02;17798;80027
2021-11-03;17823;80215
2021-11-04;17832;80345
2021-11-05;17869;80539
2021-11-06;17903;80614
2021-11-07;17912;80631
2021-11-08;17940;80570
2021-11-09;17944;80581
2021-11-10;17965;80790
2021-11-11;17977;80942
2021-11-12;17990;81008
2021-11-13;17996;80993
2021-11-14;18018;81057
2021-11-15;18038;81177
2021-11-16;18049;81127
2021-11-17;18070;81305
2021-11-18;18092;81417
2021-11-19;18112;81571
2021-11-20;18120;81271
2021-11-21;18140;81435
2021-11-22;18162;81597
2021-11-23;18184;81700
2021-11-24;18272;81739
2021-11-25;18717;82228
2021-11-26;18728;82294
2021-11-27;18763;82471
2021-11-28;18765;82610
2021-11-29;18778;82773
2021-11-30;18791;82836
2021-12-01;18794;82754
2021-12-02;18810;82605
2021-12-03;18868;82685
2021-12-04;18889;82710
2021-12-05;18905;82756
2021-12-06;18927;82941
2021-12-07;18949;83037
2021-12-08;18959;83198
2021-12-09;18957;83196
2021-12-10;18979;83357
2021-12-11;19013;83403
2021-12-12;19016;83408
2021-12-13;19038;83541
2021-12-14;19053;83625
2021-12-15;19073;83694
2021-12-16;19093;83804
2021-12-17;19115;83890
2021-12-18;19115;83778
2021-12-19;19121;83821
2021-12-20;19113;83850
2021-12-21;19121;83918
2021-12-22;19148;84096
2021-12-23;19166;84274
2021-12-24;19173;84315
2021-12-25;19171;84273
2021-12-26;19176;84321
2021-12-27;19170;84340
2021-12-28;19157;84277
2021-12-29;19149;84377
2021-12-30;19173;84317
2021-12-31;19183;84321
2022-01-01;19191;84478
2022-01-02;19206;84557
2022-01-03;19198;84656
2022-01-04;19200;84665
2022-01-05;19202;84820
2022-01-06;19196;84935
2022-01-07;19180;85005
2022-01-08;19198;85114
2022-01-09;19214;85327
2022-01-10;19269;85479
2022-01-11;19279;85491
2022-01-12;19292;85643
2022-01-13;19374;85725
2022-01-14;19397;85803
2022-01-15;19412;85872
2022-01-16;19348;85745
2022-01-17;19375;85786
2022-01-18;19399;85812
2022-01-19;19405;85807
2022-01-20;19489;85901
2022-01-21;19571;85869
2022-01-22;19586;85959
2022-01-23;19600;86089
2022-01-24;19638;86168
2022-01-25;19775;86318
2022-01-26;19878;86423
2022-01-27;19873;86342
2022-01-28;19875;86341
2022-01-29;20276;86762
2022-01-30;20294;86820
2022-01-31;20318;86926
2022-02-01;20343;87044
2022-02-02;20357;86986
2022-02-03;20369;87125
2022-02-04;20384;87197
2022-02-05;20391;87161
2022-02-06;20416;87287
2022-02-07;20427;87426
2022-02-08;20434;87551
2022-02-09;20451;87643
2022-02-10;20472;87692
2022-02-11;20488;87718
2022-02-12;20513;87789
2022-02-13;20535;88077
2022-02-14;20557;88146
2022-02-15;20578;88155
2022-02-16;20508;87676
2022-02-17;20480;87517
2022-02-18;20497;87461
2022-02-19;20508;87554
2022-02-20;20517;87588
2022-02-21;20550;87780
2022-02-22;20555;87878
2022-02-23;20564;87686
2022-02-24;20534;87605
2022-02-25;20533;87414
2022-02-26;20544;87467
2022-02-27;20556;87600
2022-02-28;20562;87605
2022-03-01;20571;87470
2022-03-02;20563;87345
2022-03-03;20544;87308
2022-03-04;20553;87276
2022-03-05;20588;87349
2022-03-06;20597;87442
2022-03-07;20614;87534
2022-03-08;20618;87536
2022-03-09;20634;87567
2022-03-10;20658;87674
2022-03-11;20630;87733
2022-03-12;20637;87750
2022-03-13;20646;87826
2022-03-14;20658;87905
2022-03-15;20664;87681
2022-03-16;20690;87753
2022-03-17;20707;87850
2022-03-18;20740;87889
2022-03-19;20762;87990
2022-03-20;20767;88034
2022-03-21;20655;87233
2022-03-22;20652;87079
2022-03-23;20663;87075
2022-03-24;20674;87093
2022-03-25;20679;86698
2022-03-26;20235;86344
2022-03-27;20166;86298
2022-03-28;20175;86435
2022-03-29;20180;86527
2022-03-30;20182;86565
2022-03-31;20190;86619
2022-04-01;20200;86580
2022-04-02;20198;86465
2022-04-03;20122;86432
2022-04-04;20139;86400
2022-04-05;20138;86396
2022-04-06;20143;86380
2022-04-07;20158;86276
2022-04-08;20185;86501
2022-04-09;20198;86565
2022-04-10;20221;86741
2022-04-11;20231;86807
2022-04-12;20107;86427
2022-04-13;20121;86517
2022-04-14;20150;86641
2022-04-15;20084;86501
2022-04-16;19614;86073
2022-04-17;18693;85153
2022-04-18;17298;83828
2022-04-19;17298;83704
2022-04-20;17304;83782
2022-04-21;17243;83590
2022-04-25;12442;47350
2022-04-26;16489;81740
2022-04-27;16505;81879
2022-04-28;16539;82099
2022-04-29;16547;82194
2022-04-30;16547;82127
2022-05-01;16564;82266
2022-05-02;16593;82482
2022-05-03;16617;82616
2022-05-04;16629;82701
2022-05-05;16631;82684
2022-05-06;16645;82722
2022-05-07;16651;82544
2022-05-08;16668;82759
2022-05-09;16679;82996
2022-05-10;16683;82890
2022-05-11;16702;83034
2022-05-12;16701;83043
2022-05-13;16702;83040
2022-05-14;16707;83019
2022-05-15;16697;82898
2022-05-16;16711;82890
2022-05-17;16726;82962
2022-05-18;16731;82996
2022-05-19;16832;83447
2022-05-20;16850;83441
2022-05-21;16859;83405
2022-05-22;16868;83509
2022-05-23;16885;83643
2022-05-24;16881;83828
2022-05-25;16862;83861
2022-05-26;16852;83954
2022-05-27;16857;83957
2022-05-28;16858;83980
2022-05-29;16867;83957
2022-05-30;16881;84021
2022-05-31;16887;84103
2022-06-01;16884;83971
2022-06-02;16897;83995
2022-06-03;16911;84121
2022-06-04;16937;84125
2022-06-05;16944;84168
2022-06-06;16957;84165
2022-06-07;16960;84166
2022-06-08;16957;84207
2022-06-09;16956;84160
2022-06-10;16957;84133
2022-06-11;16965;84097
2022-06-12;16968;84114
2022-06-13;16961;84099
2022-06-14;16942;83984
2022-06-15;16933;83761
2022-06-16;16923;83667
2022-06-17;16939;83728
2022-06-18;16940;83808
2022-06-19;16946;83789
2022-06-20;16946;83683
2022-06-21;16953;83575
2022-06-22;16957;83460
2022-06-23;16963;83466
2022-06-24;16959;83458
2022-06-25;16954;83375
2022-06-26;16955;83337
2022-06-27;16954;83249
2022-06-28;16959;83280
2022-06-29;16962;83428
2022-06-30;16981;83574
2022-07-01;16980;83588
2022-07-02;17003;83722
2022-07-03;17005;83856
2022-07-04;17002;83843
2022-07-05;17008;83915
2022-07-06;17004;83805
2022-07-07;16996;83920
2022-07-08;16986;83999
2022-07-09;16985;84267
2022-07-10;16992;84390
2022-07-11;16997;84533
2022-07-12;16997;84629
2022-07-13;17003;84738
2022-07-14;17001;84714
2022-07-15;17003;84802
2022-07-16;17001;84920
2022-07-17;16994;84869
2022-07-18;16989;84898
2022-07-19;16962;84804
2022-07-20;16960;84915
2022-07-21;16943;84926
2022-07-22;16963;84961
2022-07-23;16984;85105
2022-07-24;16987;85270
2022-07-25;16974;85220
2022-07-26;16963;85223
2022-07-27;16957;85243
2022-07-28;16958;85244
2022-07-29;16967;85447
2022-07-30;17006;85637
2022-07-31;17021;85713
2022-08-01;17027;85647
2022-08-02;17027;85687
2022-08-03;17036;85663
2022-08-04;17037;85694
2022-08-05;17043;85682
2022-08-06;17053;85633
2022-08-07;17048;85694
2022-08-08;17047;85730
2022-08-09;17068;85868
2022-08-10;17068;85968
2022-08-11;17074;85973
2022-08-12;17079;85922
2022-08-13;17081;85839
2022-08-14;17079;85802
2022-08-15;17073;85723
2022-08-16;17070;85629
2022-08-17;17071;85546
2022-08-18;17062;85531
2022-08-19;17067;85565
2022-08-20;17028;85412
2022-08-21;17029;85437
2022-08-22;17032;85440
2022-08-23;17037;85418
2022-08-24;17026;85249
2022-08-25;17033;85209
2022-08-26;17047;85243
2022-08-27;17040;85022
2022-08-28;17055;85072
2022-08-29;17066;85112
2022-08-30;17077;85174
2022-08-31;17069;85228
2022-09-01;17066;85168
2022-09-02;17074;85165
2022-09-03;17075;85135
2022-09-04;17085;85457
2022-09-05;17091;85520
2022-09-06;17089;85467
2022-09-07;17086;85385
2022-09-08;17075;85330
2022-09-09;17071;85259
2022-09-10;17066;85044
2022-09-11;17064;85034
2022-09-12;17054;85056
2022-09-13;17055;85080
2022-09-14;17048;85089
2022-09-15;17049;85102
2022-09-16;17048;85050
2022-09-17;17046;84992
2022-09-18;17051;84908
2022-09-19;17054;84919
2022-09-20;17053;84984
2022-09-21;17058;85117
2022-09-22;17063;85123
2022-09-23;17061;85098
2022-09-24;17061;85004
2022-09-25;17069;85004
2022-09-26;17075;84945
2022-09-27;17071;84929
2022-09-28;17063;84804
2022-09-29;17061;84820
2022-09-30;17060;84860
2022-10-01;17061;84841
2022-10-02;17065;84866
2022-10-03;17074;84894
2022-10-04;17071;84962
2022-10-05;17082;85010
2022-10-06;17076;85022
2022-10-07;17078;84880
2022-10-08;17080;84832
2022-10-09;17089;84830
2022-10-10;17099;84939
2022-10-11;17104;85018
2022-10-12;17111;85053
2022-10-13;17105;85013
2022-10-14;17099;84996
2022-10-15;17094;84950
2022-10-16;17091;84925
2022-10-17;17087;84914
2022-10-18;17087;84914
2022-10-19;17087;84914
2022-10-20;17087;84914
2022-10-21;17087;84914
2022-10-22;17087;84914
2022-10-23;17087;84914
2022-10-24;17087;84914
2022-10-25;17087;84914
2022-10-26;17087;84914
2022-10-27;17087;84914
2022-10-28;17087;84914
2022-10-29;17087;84914
2022-10-30;17087;84914
2022-10-31;17087;84914
2022-11-01;17087;84914
2022-11-02;17087;84914
2022-11-03;17087;84914
2022-11-04;17087;84914
2022-11-05;17087;84914
2022-11-06;17087;84914
2022-11-07;17087;84914
2022-11-08;17087;84914
2022-11-09;17087;84914
2022-11-10;17087;84914
2022-11-11;17087;84914
2022-11-12;17087;84914
2022-11-13;17087;84914
2022-11-14;17087;84914
2022-11-15;17087;84914
2022-11-16;17087;84914
2022-11-17;17087;84914
2022-11-18;17087;84914
2022-11-19;17087;84914
2022-11-20;17087;84914
2022-11-21;17087;84914
2022-11-22;17087;84914
2022-11-23;17087;84914
2022-11-24;17087;84914
2022-11-25;17087;84914
2022-11-26;17087;84914
2022-11-27;17087;84914
2022-11-28;17087;84914
2022-11-29;17087;84914
2022-11-30;17087;84914
2022-12-01;17087;84914
2022-12-02;17087;84914
2022-12-03;17087;84914
2022-12-04;17087;84914
2022-12-05;17087;84914
2022-12-06;17087;84914
2022-12-07;17087;84914
2022-12-08;17087;84914
2022-12-09;17087;84914
2022-12-10;17087;84914
2022-12-11;17087;84914
2022-12-12;17087;84914
2022-12-13;17087;84914
2022-12-14;17087;84914
2022-12-15;17087;84914
2022-12-16;17087;84914
2022-12-17;17087;84914
2022-12-18;17087;84914
2022-12-19;17087;84914
2022-12-20;17087;84914
2022-12-21;17087;84914
2022-12-22;17087;84914
2022-12-23;17087;84914
2022-12-24;17087;84914
2022-12-25;17087;84914
2022-12-26;17087;84914
2022-12-27;17087;84914
2022-12-28;17087;84914
2022-12-29;17087;84914
2022-12-30;17087;84914
2022-12-31;17087;84914
2023-01-01;17087;84914
2023-01-02;17087;84914
2023-01-03;17087;84914
2023-01-04;17087;84914
2023-01-05;17087;84914
2023-01-06;17087;84914
2023-01-07;17087;84914
2023-01-08;17087;84914
2023-01-09;17087;84914
2023-01-10;17087;84914
2023-01-11;17087;84914
2023-01-12;17087;84914
2023-01-13;17715;81370
2023-01-14;17768;81447
2023-01-15;17765;81469
2023-01-16;17777;81662
2023-01-17;17755;81665
2023-01-18;17771;81806
2023-01-19;17776;81803
2023-01-20;17784;81855
2023-01-21;17784;81853
2023-01-22;17782;81882
2023-01-23;17772;81942
2023-01-24;17765;81830
2023-01-25;17764;81753
2023-01-26;17761;81649
2023-01-27;17743;81612
2023-01-28;17728;81600
2023-01-29;17731;81644
2023-01-30;17718;81742
2023-01-31;17716;81774
2023-02-01;17721;81840
2023-02-02;17731;81769
2023-02-03;17740;81755
2023-02-04;17726;81667
2023-02-05;17727;81764
2023-02-06;17721;81859
2023-02-07;17728;81889
2023-02-08;17729;81907
2023-02-09;17734;81826
2023-02-10;17741;81795
2023-02-11;17757;81484
2023-02-12;17777;81426
2023-02-13;17792;81445
2023-02-14;17785;81455
2023-02-15;17793;81417
2023-02-16;17791;81373
2023-02-17;17790;81242
2023-02-18;17805;81347
2023-02-19;17817;81419
2023-02-20;17773;81416
2023-02-21;17794;81456
2023-02-22;17817;81460
2023-02-23;17836;81481
2023-02-24;17877;81645
2023-02-25;17891;81635
2023-02-26;17904;81713
2023-02-27;17932;81686
2023-02-28;17936;81612
2023-03-01;17940;81517
2023-03-02;17916;81426
2023-03-03;17911;81379
2023-03-04;17916;81281
2023-03-05;17919;81319
2023-03-06;17924;81354
2023-03-07;17925;81331
2023-03-08;17932;81255
2023-03-09;17940;81218
2023-03-10;17936;81044
2023-03-11;17938;80770
2023-03-12;17952;80698
2023-03-13;17950;80721
2023-03-14;17931;80691
2023-03-15;17941;80693
2023-03-16;17954;80627
2023-03-17;17979;80606
2023-03-18;17994;80648
2023-03-19;18000;80694
2023-03-20;17995;80591
2023-03-21;17993;80573
2023-03-22;18001;80527
2023-03-23;18012;80500
2023-03-24;18014;80496
2023-03-25;18020;80443
2023-03-26;18025;80270
2023-03-27;18039;80243
2023-03-28;18039;80199
2023-03-29;18029;80099
2023-03-30;18032;80047
2023-03-31;18030;79988
2023-04-01;18030;79871
2023-04-02;18023;79691
2023-04-03;18021;79624
2023-04-04;18012;79643
2023-04-05;18010;79600
2023-04-06;18004;79528
2023-04-07;18005;79467
2023-04-08;18010;79459
2023-04-09;18018;79503
2023-04-10;18018;79431
2023-04-11;18014;79346
2023-04-12;18022;79327
2023-04-13;18032;79403
2023-04-14;18037;79442
2023-04-15;18023;79410
2023-04-16;18032;79403
2023-04-17;18050;79444
2023-04-18;18047;79455
2023-04-19;18064;79528
2023-04-20;18070;79447
2023-04-21;18068;79233
2023-04-22;18056;79238
2023-04-23;18039;79217
2023-04-24;18016;79100
2023-04-25;17964;78993
2023-04-26;17966;78945
2023-04-27;17974;78860
2023-04-28;17981;78887
2023-04-29;18004;78797
2023-04-30;18000;78742
2023-05-01;18010;78739
2023-05-02;18018;78754
2023-05-03;18034;78758
2023-05-04;18040;78713
2023-05-05;17984;78382
2023-05-06;17980;78284
2023-05-07;17976;78222
2023-05-08;17976;78182
2023-05-09;17987;78145
2023-05-10;18001;78069
2023-05-11;18015;77970
2023-05-12;18039;77997
2023-05-13;18052;77997
2023-05-14;18063;77700
2023-05-15;18077;77308
2023-05-16;18089;77175
2023-05-17;18088;76924
2023-05-18;18091;76690
2023-05-19;18090;76593
2023-05-20;18084;76566
2023-05-21;18101;76490
2023-05-22;18110;76445
2023-05-23;18110;76458
2023-05-24;18114;76438
2023-05-25;18124;76445
2023-05-26;18137;76421
2023-05-27;18137;76352
2023-05-28;18135;76297
2023-05-29;18141;76343
2023-05-30;18146;76317
2023-05-31;18132;76210
2023-06-01;18132;76124
2023-06-02;18173;76035
2023-06-03;18185;76000
2023-06-04;18187;75950
2023-06-05;18113;75711
2023-06-06;18106;75708
2023-06-07;18110;75746
2023-06-08;18123;75793
2023-06-09;18132;75777
2023-06-10;18138;75738
2023-06-11;18109;75562
2023-06-12;18105;75503
2023-06-13;18094;75237
2023-06-14;18089;75121
2023-06-15;18090;75118
2023-06-16;18047;75038
2023-06-17;18049;74985
2023-06-18;18049;75040
2023-06-19;18054;75090
2023-06-20;18054;75090
2023-06-21;18054;75090
2023-06-22;18054;75090
2023-06-23;18054;75090
2023-06-24;18054;75090
2023-06-25;18054;75090
2023-06-26;18054;75090
2023-06-27;18054;75090
2023-06-28;18054;75090
2023-06-29;18054;75090
2023-06-30;18054;75090
2023-07-01;18054;75090
2023-07-02;18054;75090
2023-07-03;18054;75090
2023-07-04;18054;75090
2023-07-05;18054;75090
2023-07-06;18054;75090
2023-07-07;18054;75090
2023-07-08;18054;75090
2023-07-09;18054;75090
2023-07-10;18054;75090
2023-07-11;18054;75090
2023-07-12;18054;75090
2023-07-13;18054;75090
2023-07-14;18054;75090
2023-07-15;18054;75090
2023-07-16;18054;75090
2023-07-17;18054;75090
2023-07-18;18054;75090
2023-07-19;18054;75090
2023-07-20;18054;75090
2023-07-21;18054;75090
2023-07-22;18054;75090
2023-07-23;18054;75090
2023-07-24;18054;75090
2023-07-25;18054;75090
2023-07-26;18054;75090
2023-07-27;18054;75090
2023-07-28;18054;75090
2023-07-29;18054;75090
2023-07-30;18054;75090
2023-07-31;18054;75090
2023-08-01;18054;75090
2023-08-02;18054;75090
2023-08-03;18054;75090
2023-08-04;18054;75090
2023-08-05;17820;73082
2023-08-06;17842;73144
2023-08-07;17844;73163
2023-08-08;17839;73128
2023-08-09;17841;73129
2023-08-10;17842;73154
2023-08-11;17840;73124
2023-08-14;17832;73120
2023-08-15;17840;73115
2023-08-16;17832;73082
2023-08-17;17836;72927
2023-08-18;17833;72881
2023-08-19;17810;72790
2023-08-20;17808;72675
2023-08-21;17794;72620
2023-08-22;17791;72598
2023-08-23;17734;72487
2023-08-24;17728;72382
2023-08-25;17713;72273
2023-08-26;17711;72293
2023-08-27;17716;72280
2023-08-28;17720;72363
2023-08-29;17686;72260
2023-08-30;17686;72304
2023-08-31;17693;72346
2023-09-01;17691;72366
2023-09-02;17660;72213
2023-09-03;17662;72224
2023-09-04;17662;72254
2023-09-05;17661;72282
2023-09-06;17672;72513
2023-09-07;17668;72696
2023-09-08;17678;72838
2023-09-09;17680;72795
2023-09-10;17679;72775
2023-09-11;17670;72727
2023-09-12;17663;72673
2023-09-13;17646;72809
2023-09-14;17641;72886
2023-09-15;17641;72917
2023-09-16;17640;72950
2023-09-17;17648;72992
2023-09-18;17651;73102
2023-09-19;17657;73110
2023-09-20;17669;73345
2023-09-21;17675;73387
2023-09-22;17679;73382
2023-09-23;17685;73381
2023-09-24;17670;73253
2023-09-25;17549;71582
2023-09-26;17488;70738
2023-09-27;16986;68392
2023-09-28;16947;68325
2023-09-29;16915;68296
2023-09-30;16884;68203
2023-10-01;16588;67314
2023-10-02;16565;67327
2023-10-03;16530;67635
2023-10-04;16516;68040
2023-10-05;16519;68173
2023-10-06;16515;68173
2023-10-07;16515;68147
2023-10-08;16515;68171
2023-10-09;16526;68100
2023-10-10;16529;68129
2023-10-11;16520;67843
2023-10-12;16505;67900
2023-10-13;16506;67912
2023-10-14;16510;67982
2023-10-15;16526;68119
2023-10-16;16524;68153
2023-10-17;16473;68116
2023-10-18;16441;68087
2023-10-19;16417;68039
2023-10-20;16387;67934
2023-10-21;16376;67824
2023-10-22;16351;67441
2023-10-23;16336;67084
2023-10-24;16326;67027
2023-10-25;16328;66936
2023-10-26;16216;66770
2023-10-27;16219;66829
2023-10-28;16212;66825
2023-10-29;16205;66805
2023-10-30;16199;66825
2023-10-31;16186;66763
2023-11-01;16186;66739
2023-11-02;16185;66762
2023-11-03;16196;66784
2023-11-04;16204;66824
2023-11-05;16205;66865
2023-11-06;16199;66754
2023-11-07;16196;66733
2023-11-08;16214;66737
2023-11-09;16217;66713
2023-11-10;16214;66645
2023-11-11;16216;66608
2023-11-12;16219;66550
2023-11-13;16220;66514
2023-11-14;16218;66464
2023-11-15;16220;66379
2023-11-16;16218;66388
2023-11-17;16221;66336
2023-11-18;16221;66315
2023-11-19;16229;66262
2023-11-20;16233;66278
2023-11-21;16620;67223
2023-11-22;16625;67215
2023-11-23;16629;67179
2023-11-24;16615;66890
2023-11-25;16620;66894
2023-11-26;16618;66852
2023-11-27;16612;66784
2023-11-28;16613;66619
2023-11-29;16592;66501
2023-11-30;16604;66377
2023-12-01;16594;66285
2023-12-02;16591;66271
2023-12-03;16599;66313
2023-12-04;16609;66309
2023-12-05;16616;66211
2023-12-06;16614;66166
2023-12-07;16605;66102
2023-12-08;16607;66067
2023-12-09;16594;65945
2023-12-10;16588;65913
2023-12-11;16584;65866
2023-12-12;16591;65810
2023-12-13;16592;65808
2023-12-14;16594;65803
2023-12-15;16593;65772
2023-12-16;16593;65729
2023-12-17;16590;65673
2023-12-18;16594;65658
2023-12-19;16603;65643
2023-12-20;16611;65635
2023-12-21;16605;65613
2023-12-22;16608;65628
2023-12-23;16611;65535
2023-12-24;16615;65521
2023-12-25;16614;65514
2023-12-26;16615;65493
2023-12-27;16617;65507
2023-12-28;16625;65516
2023-12-29;16624;65421
2023-12-30;16627;65403
2023-12-31;16632;65348
2024-01-01;16636;65265
2024-01-02;16640;65094
2024-01-03;16643;65047
2024-01-04;16659;64941
2024-01-05;16662;64933
2024-01-06;16670;64889
2024-01-07;16643;64756
2024-01-08;16640;64791
2024-01-09;16639;64766
2024-01-10;16639;64752
2024-01-11;16638;64591
2024-01-12;16640;64416
2024-01-13;16624;64318
2024-01-14;16628;64319
2024-01-15;16627;64298
2024-01-16;16627;64260
2024-01-17;16635;64249
2024-01-18;16636;64220
2024-01-19;16640;64153
2024-01-20;16629;64092
2024-01-21;16645;64132
2024-01-22;16650;64163
2024-01-23;16652;64040
2024-01-24;16645;63994
2024-01-25;16648;63967
2024-01-26;16637;63793
2024-01-27;16642;63799
2024-01-28;16655;63887
2024-01-29;16665;63924
2024-01-30;16663;63936
2024-01-31;16665;63949
2024-02-01;16665;63938
2024-02-02;16668;63870
2024-02-03;16666;63769
2024-02-04;16658;63506
2024-02-05;16659;63422
2024-02-06;16650;63324
2024-02-07;16643;63249
2024-02-08;16636;63051
2024-02-09;16638;62884
2024-02-10;16594;62720
2024-02-11;16446;62065
2024-02-12;16346;61652
2024-02-13;16340;61614
2024-02-14;16340;61664
2024-02-15;16341;61590
2024-02-16;16298;61263
2024-02-17;16292;61064
2024-02-18;16275;60874
2024-02-19;16261;60745
2024-02-20;16232;60551
2024-02-21;16216;60513
2024-02-22;16213;60511
2024-02-23;16215;60520
2024-02-24;16213;60416
2024-02-25;16193;60268
2024-02-26;16144;60106
2024-02-27;16142;60123
2024-02-28;16139;60125
2024-02-29;16137;59985
2024-03-01;16131;59965
2024-03-02;16132;59994
2024-03-03;16130;59913
2024-03-04;16125;59909
2024-03-05;16124;59890
2024-03-06;16127;59836
2024-03-07;16117;59774
2024-03-08;16116;59547
2024-03-09;16098;59509
2024-03-10;16050;59349
2024-03-11;16023;59308
2024-03-12;16023;59298
2024-03-13;15985;58980
2024-03-14;15967;58751
2024-03-15;15968;58755
2024-03-16;15943;58725
2024-03-17;15933;58687
2024-03-18;15923;58698
2024-03-19;15909;58651
2024-03-20;15883;58457
2024-03-21;15883;58421
2024-03-22;15887;58410
2024-03-23;15884;58238
2024-03-24;15871;58098
2024-03-25;15826;57970
2024-03-26;15823;57908
2024-03-27;15827;57942
2024-03-28;15828;57870
2024-03-29;15824;57832
2024-03-30;15825;57772
2024-03-31;15787;57490
2024-04-01;15757;57455
2024-04-02;15742;57329
2024-04-03;15730;57248
2024-04-04;15731;57128
2024-04-05;15714;57026
2024-04-06;15703;56951
2024-04-07;15691;56937
2024-04-08;15695;56944
2024-04-09;15701;56944
2024-04-10;15683;56866
2024-04-11;15680;56849
2024-04-12;15685;56863
2024-04-13;15684;56765
2024-04-14;15683;56759
2024-04-15;15679;56753
2024-04-16;15670;56787
2024-04-17;15676;56959
2024-04-18;15684;56910
2024-04-19;15685;56952
2024-04-20;15691;57027
2024-04-21;15694;56973
2024-04-22;15694;56966
2024-04-23;15694;56983
2024-04-24;15693;56940
2024-04-25;15702;56802
2024-04-26;15712;56761
2024-04-27;15721;56626
2024-04-28;15729;56629
2024-04-29;15730;56607
2024-04-30;15730;56532
2024-05-01;15745;56564
2024-05-02;15752;56624
2024-05-03;15751;56619
2024-05-04;15757;56658
2024-05-05;15756;56666
2024-05-06;15757;56694
2024-05-07;15757;56680
2024-05-08;15757;56691
2024-05-09;15732;56723
2024-05-10;15735;56615
2024-05-11;15747;56596
2024-05-12;15667;56327
2024-05-13;15675;56353
2024-05-14;15664;56340
2024-05-15;15658;56327
2024-05-16;15645;56292
2024-05-17;15630;56258
2024-05-18;15631;56234
2024-05-19;15629;56232
2024-05-20;15622;56247
2024-05-21;15621;56279
2024-05-22;15612;56318
2024-05-23;15593;56315
2024-05-24;15594;56327
2024-05-25;15594;56357
2024-05-26;15602;56400
2024-05-27;15608;56403
2024-05-28;15597;56381
2024-05-29;15599;56414
2024-05-30;15601;56394
2024-05-31;15581;56365
2024-06-01;15591;56409
2024-06-02;15597;56420
2024-06-03;15603;56437
2024-06-04;15604;56400
2024-06-05;15607;56438
2024-06-06;15612;56500
2024-06-07;15625;56498
2024-06-08;15629;56508
2024-06-09;15637;56505
2024-06-10;15645;56454
2024-06-11;15651;56457
2024-06-12;15657;56463
2024-06-13;15666;56458
2024-06-14;15674;56497
2024-06-15;15682;56521
2024-06-16;15668;56373
2024-06-17;15638;56117
2024-06-18;15629;56112
2024-06-19;15623;56095
2024-06-20;15627;56070
2024-06-21;15629;56009
2024-06-22;15621;55972
2024-06-23;15615;55941
2024-06-24;15542;55920
2024-06-25;15538;55900
2024-06-26;15545;55870
2024-06-27;15589;55925
2024-06-28;15600;55917
2024-06-29;15617;55920
2024-06-30;15626;55912
2024-07-01;15650;55794
2024-07-02;15647;55784
2024-07-03;15648;55755
2024-07-04;15644;55728
2024-07-05;15624;55602
2024-07-06;15624;55562
2024-07-07;15621;55539
2024-07-08;15619;55483
2024-07-09;15582;55456
2024-07-10;15571;55416
2024-07-11;15565;55420
2024-07-12;15564;55353
2024-07-13;15546;55373
2024-07-14;15544;55374
2024-07-15;15527;55320
2024-07-16;15527;55324
2024-07-17;15511;55286
2024-07-18;15500;55264
2024-07-19;15493;55216
2024-07-20;15490;55195
2024-07-21;15479;55101
2024-07-22;15473;55108
2024-07-23;15455;54969
2024-07-24;15414;54944
2024-07-25;15398;54800
2024-07-26;15389;54770
2024-07-27;15295;54484
2024-07-28;15299;54474
2024-07-29;15294;54396
2024-07-30;15292;54333
2024-07-31;15298;54274
2024-08-01;15299;53765
2024-08-02;15297;53783
2024-08-03;15293;53789
2024-08-04;15259;53797
2024-08-05;15260;53775
2024-08-06;15260;53786
2024-08-07;15261;53665
2024-08-08;15249;53657
2024-08-09;15249;53657
2024-08-10;15237;53706
2024-08-11;15233;53691
2024-08-12;15275;53813
2024-08-13;15318;53936
2024-08-14;15360;54058
2024-08-15;15403;54181
2024-08-16;15445;54303
2024-08-17;15488;54426
2024-08-18;15530;54548
2024-08-19;15573;54671
2024-08-20;15615;54793
2024-08-21;15658;54916
2024-08-22;15700;55038
2024-08-23;15742;55160
2024-08-24;15785;55283
2024-08-25;15827;55405
2024-08-26;15870;55528
2024-08-27;15912;55650
2024-08-28;15955;55773
2024-08-29;15997;55895
2024-08-30;16040;56018
2024-08-31;16082;56140
2024-09-01;16124;56262
2024-09-02;16167;56385
2024-09-03;16209;56507
2024-09-04;16252;56630
2024-09-05;16294;56752
2024-09-06;16337;56875
2024-09-07;16379;56997
2024-09-08;16422;57120
2024-09-09;16464;57242
2024-09-10;16507;57365
2024-09-11;16549;57487
2024-09-12;16591;57609
2024-09-13;16634;57732
2024-09-14;16676;57854
2024-09-15;16719;57977
2024-09-16;16761;58099
2024-09-17;16804;58222
2024-09-18;16846;58344
2024-09-19;16889;58467
2024-09-20;16931;58589
2024-09-21;16924;58567
2024-09-22;16912;58524
2024-09-23;16893;58375
2024-09-24;16865;58333
2024-09-25;16824;58236
2024-09-26;16811;58187
2024-09-27;16809;58161
2025-03-26;9514;25190
