datetime;nodes;channels;capacity
2025-03-11 00:00:00;16825;43143;469903135384
2025-03-10 00:00:00;16822;43121;469203803029
2025-03-09 00:00:00;16823;43286;472489551919
2025-03-08 00:00:00;16868;44172;482345333272
2024-11-14 00:00:00;11874;46716;526153723980
2024-11-13 00:00:00;11878;46723;526286138079
2024-11-12 00:00:00;11869;46698;526412813673
2024-11-11 00:00:00;11917;46727;525275912324
2024-11-10 00:00:00;11904;46753;528185701183
2024-11-09 00:00:00;11919;46830;529189373064
2024-11-08 00:00:00;11906;46849;529509535070
2024-11-07 00:00:00;11883;46791;533059253401
2024-11-06 00:00:00;12046;47109;533167892830
2024-11-05 00:00:00;12077;47114;532164818030
2024-11-04 00:00:00;12058;47032;530579614499
2024-11-03 00:00:00;11984;46802;527477379334
2024-11-02 00:00:00;12079;47038;526016410495
2024-11-01 00:00:00;12067;47059;526323839153
2024-10-31 00:00:00;11951;46917;527351444494
2024-10-30 00:00:00;12063;47111;526231722994
2024-10-29 00:00:00;12064;47162;531434064547
2024-10-28 00:00:00;12058;47116;530211083223
2024-10-27 00:00:00;11925;46813;527081318141
2024-10-26 00:00:00;12101;47229;528866863117
2024-10-25 00:00:00;12108;47206;527921351482
2024-10-24 00:00:00;12118;47156;527312312972
2024-10-23 00:00:00;12603;47939;526799330395
2024-10-22 00:00:00;12599;47995;525715478444
2024-10-21 00:00:00;12580;47946;524719937199
2024-10-20 00:00:00;12114;47156;531189306712
2024-10-19 00:00:00;12369;47693;532783019592
2024-10-18 00:00:00;12370;47765;531507877148
2024-10-17 00:00:00;12358;47732;531009538919
2024-10-16 00:00:00;12391;47794;530595039762
2024-10-15 00:00:00;12386;47746;530253930410
2024-10-14 00:00:00;12377;47730;526552413970
2024-10-13 00:00:00;12329;47728;527209490285
2024-10-12 00:00:00;12389;47874;528219127947
2024-10-11 00:00:00;12346;47786;527702254657
2024-10-10 00:00:00;12325;47762;527332855865
2024-10-09 00:00:00;12359;47803;526543280586
2024-10-08 00:00:00;12359;47745;525486471935
2024-10-07 00:00:00;12364;47752;526737653906
2024-10-06 00:00:00;12238;47395;524351233465
2024-10-05 00:00:00;12375;47886;527041751374
2024-10-04 00:00:00;12376;47881;527886898587
2024-10-03 00:00:00;12396;47873;527312848546
2024-10-02 00:00:00;12424;47925;527060447066
2024-10-01 00:00:00;12397;47872;525754081396
2024-09-30 00:00:00;12380;47890;530794300222
2024-09-29 00:00:00;12294;47695;529145852490
2024-09-28 00:00:00;12401;48011;531290410871
2024-09-27 00:00:00;12386;48045;531029452874
2024-09-26 00:00:00;12371;48042;530265082270
2024-09-25 00:00:00;12388;48081;530354595628
2024-09-24 00:00:00;12422;48159;529675463617
2024-09-23 00:00:00;12371;47974;528590390610
2024-09-22 00:00:00;12248;47755;526995754604
2024-09-21 00:00:00;12412;48153;527580100616
2024-09-20 00:00:00;12403;48144;527227636636
2024-09-19 00:00:00;12387;48100;527560308427
2024-09-18 00:00:00;12444;48199;527760417484
2024-09-17 00:00:00;12426;48104;526498760769
2024-09-16 00:00:00;12417;48076;526277649179
2024-09-15 00:00:00;12386;47901;524144671005
2024-09-14 00:00:00;12422;48000;525208590398
2024-09-13 00:00:00;12418;47934;522790077370
2024-09-12 00:00:00;12403;47787;519916702560
2024-09-11 00:00:00;12464;48042;518946133874
2024-09-10 00:00:00;12439;47948;516818130363
2024-09-09 00:00:00;12429;47948;516128817303
2024-09-08 00:00:00;12413;47906;516644348674
2024-09-07 00:00:00;12772;48639;517724934180
2024-09-06 00:00:00;12747;48695;516956435723
2024-09-05 00:00:00;12841;48788;516727787757
2024-09-04 00:00:00;12829;48721;516807641001
2024-09-03 00:00:00;12815;48677;516318407635
2024-09-02 00:00:00;12799;48598;515611777030
2024-09-01 00:00:00;12785;48514;515472781690
2024-08-31 00:00:00;12792;48494;514277372845
2024-08-30 00:00:00;12778;48470;512957578227
2024-08-29 00:00:00;12755;48424;511188636736
2024-08-28 00:00:00;12808;48615;510418319414
2024-08-27 00:00:00;12780;48635;510174204622
2024-08-26 00:00:00;12772;48766;510151712668
2024-08-25 00:00:00;12771;48794;508721482991
2024-08-24 00:00:00;12825;48886;507313579535
2024-08-23 00:00:00;12810;48771;505931918866
2024-08-22 00:00:00;12786;48614;500079996779
2024-08-21 00:00:00;12831;48720;502955868385
2024-08-20 00:00:00;12808;48633;505564427073
2024-08-19 00:00:00;12790;48540;504751859990
2024-08-18 00:00:00;12806;48539;506225058214
2024-08-17 00:00:00;12837;48627;505959439231
2024-08-16 00:00:00;12832;48679;504649469685
2024-08-15 00:00:00;12818;48772;504119588507
2024-08-14 00:00:00;12840;48916;508871419944
2024-08-13 00:00:00;12826;48890;508271385228
2024-08-12 00:00:00;12828;48866;507585813657
2024-08-11 00:00:00;12688;48477;505781490894
2024-08-10 00:00:00;12841;48959;506480134412
2024-08-09 00:00:00;12843;48951;506139593080
2024-08-08 00:00:00;12830;48883;505635168382
2024-08-07 00:00:00;12870;48952;505004991561
2024-08-06 00:00:00;12861;48932;504722402036
2024-08-05 00:00:00;12847;49001;504958582356
2024-08-04 00:00:00;12832;48917;500189788763
2024-08-03 00:00:00;12879;49029;500667707616
2024-08-02 00:00:00;12904;49044;498884257263
2024-08-01 00:00:00;12889;48971;495199215026
2024-07-31 00:00:00;12920;49088;494691314778
2024-07-30 00:00:00;12909;49594;529035731782
2024-07-29 00:00:00;12902;49625;529300760016
2024-07-28 00:00:00;12826;49501;527804063966
2024-07-27 00:00:00;12911;49746;528302461339
2024-07-26 00:00:00;12903;49770;528396353533
2024-07-25 00:00:00;12976;49995;528870044069
2024-07-24 00:00:00;13009;50108;527201105317
2024-07-23 00:00:00;13010;50215;528452708815
2024-07-22 00:00:00;13052;50341;534988726583
2024-07-21 00:00:00;13042;50291;533823925753
2024-07-20 00:00:00;13090;50418;533681778383
2024-07-19 00:00:00;13085;50479;533988074546
2024-07-18 00:00:00;13077;50453;533470987627
2024-07-17 00:00:00;13126;50623;533896449284
2024-07-16 00:00:00;13118;50593;532371171430
2024-07-15 00:00:00;13113;50579;531582691996
2024-07-14 00:00:00;13017;50381;528782787401
2024-07-13 00:00:00;13126;50628;530312017313
2024-07-12 00:00:00;13122;50574;529131303913
2024-07-11 00:00:00;13131;50611;525410006775
2024-07-10 00:00:00;13110;50604;525290643275
2024-07-09 00:00:00;13159;50650;524487567503
2024-07-08 00:00:00;13151;50654;523833611705
2024-07-07 00:00:00;13174;50687;523865729565
2024-07-06 00:00:00;13209;50822;522294427326
2024-07-05 00:00:00;13202;50787;520965968745
2024-07-04 00:00:00;13189;50871;521467454667
2024-07-03 00:00:00;13194;50927;521071198358
2024-07-02 00:00:00;13227;51002;520609095341
2024-07-01 00:00:00;13210;50984;519885237212
2024-06-30 00:00:00;13200;51118;518095661012
2024-06-29 00:00:00;13214;51192;517433212100
2024-06-28 00:00:00;13196;51197;517136976332
2024-06-27 00:00:00;13174;51136;515753637656
2024-06-26 00:00:00;13125;51080;515911487823
2024-06-25 00:00:00;13131;51156;515362761562
2024-06-24 00:00:00;13102;51107;514915806627
2024-06-23 00:00:00;13090;51087;512578158352
2024-06-22 00:00:00;8502;42377;493750824727
2024-06-21 00:00:00;13167;51186;512697257275
2024-06-20 00:00:00;13154;51171;511914996064
2024-06-19 00:00:00;13112;51133;511245975596
2024-06-18 00:00:00;13162;51332;510488480957
2024-06-17 00:00:00;13129;51218;507833931792
2024-06-16 00:00:00;13159;51384;507280898847
2024-06-15 00:00:00;7329;40920;486237553193
2024-06-14 00:00:00;13170;51630;509841654981
2024-06-13 00:00:00;13114;51421;507964362503
2024-06-12 00:00:00;13094;51381;507181192966
2024-06-11 00:00:00;13133;51516;507187167871
2024-06-10 00:00:00;13107;51422;505505355331
2024-06-09 00:00:00;13066;51367;504206914772
2024-06-08 00:00:00;7316;41127;483862786641
2024-06-07 00:00:00;13031;51399;503956442166
2024-06-06 00:00:00;13000;51329;503399981085
2024-06-05 00:00:00;12979;51255;502271203609
2024-06-04 00:00:00;12947;51165;500451075077
2024-06-03 00:00:00;12933;51129;499894054555
2024-06-02 00:00:00;12914;51110;495484782683
2024-06-01 00:00:00;12015;48924;487732442031
2024-05-31 00:00:00;12767;50775;493460065745
2024-05-30 00:00:00;12783;50806;491742397821
2024-05-29 00:00:00;12777;50810;492097793990
2024-05-28 00:00:00;12851;50963;492695166226
2024-05-27 00:00:00;12842;50939;500223568501
2024-05-26 00:00:00;12840;50893;498310086604
2024-05-25 00:00:00;12898;51015;497676508178
2024-05-24 00:00:00;12882;50935;496453470378
2024-05-23 00:00:00;12886;50908;495263695957
2024-05-22 00:00:00;12885;50889;493110609186
2024-05-21 00:00:00;12976;51046;491855680810
2024-05-20 00:00:00;12987;51028;491616005177
2024-05-19 00:00:00;12955;50934;491884695771
2024-05-18 00:00:00;7420;40820;470881269749
2024-05-17 00:00:00;12935;50838;491761945559
2024-05-16 00:00:00;12938;50867;491386584493
2024-05-15 00:00:00;12943;50907;493228069128
2024-05-14 00:00:00;13004;51033;490898488139
2024-05-13 00:00:00;13004;51050;492761608216
2024-05-12 00:00:00;12943;50888;490897843870
2024-05-11 00:00:00;13023;51138;490073089258
2024-05-10 00:00:00;13046;51184;489970761617
2024-05-09 00:00:00;13020;51199;489953411302
2024-05-08 00:00:00;13000;51187;489715141954
2024-05-07 00:00:00;13066;51360;488580577223
2024-05-06 00:00:00;13021;51262;487175384178
2024-05-05 00:00:00;13019;51229;486524121212
2024-05-04 00:00:00;13100;51406;485265392520
2024-05-03 00:00:00;13098;51382;484987227841
2024-05-02 00:00:00;13083;51326;482997628256
2024-05-01 00:00:00;13061;51266;482070010027
2024-04-30 00:00:00;13140;51363;480381734726
2024-04-29 00:00:00;13123;51347;480312333891
2024-04-28 00:00:00;13122;51427;476301863070
2024-04-27 00:00:00;7384;40541;451414519340
2024-04-26 00:00:00;12923;51056;475634941977
2024-04-25 00:00:00;12875;51080;471702801105
2024-04-24 00:00:00;12845;51136;469957645223
2024-04-23 00:00:00;12878;51382;472445118614
2024-04-22 00:00:00;12872;51314;470719231277
2024-04-21 00:00:00;12863;51298;469777450940
2024-04-20 00:00:00;12024;49126;463883245181
2024-04-19 00:00:00;12843;51350;469671454903
2024-04-18 00:00:00;12818;51251;467974856014
2024-04-17 00:00:00;12810;51278;467714298777
2024-04-16 00:00:00;12911;51339;466493708713
2024-04-15 00:00:00;12916;51269;463872701730
2024-04-14 00:00:00;12904;51183;462852235936
2024-04-13 00:00:00;8844;42952;441320539264
2024-04-12 00:00:00;12970;51492;463475789378
2024-04-11 00:00:00;12952;51466;462585486141
2024-04-10 00:00:00;12936;51417;462179764720
2024-04-09 00:00:00;13036;51715;462126016763
2024-04-08 00:00:00;13012;51650;461304307758
2024-04-07 00:00:00;13001;51587;461305610374
2024-04-06 00:00:00;13048;51738;460223190752
2024-04-05 00:00:00;12989;51583;458654674212
2024-04-04 00:00:00;12986;51669;465013572053
2024-04-03 00:00:00;12957;51747;465412497897
2024-04-02 00:00:00;12974;51781;464514501839
2024-04-01 00:00:00;12979;51931;464907085459
2024-03-31 00:00:00;13001;51978;465005418371
2024-03-30 00:00:00;7649;41655;440229114400
2024-03-29 00:00:00;13091;52431;462571412244
2024-03-28 00:00:00;13088;52449;461439805030
2024-03-27 00:00:00;13067;52406;461315231854
2024-03-26 00:00:00;13133;52632;460937268854
2024-03-25 00:00:00;13121;52656;457425794593
2024-03-24 00:00:00;13157;52733;456988925923
2024-03-23 00:00:00;11837;49287;447831691148
2024-03-22 00:00:00;13131;52870;461078156526
2024-03-21 00:00:00;13117;52947;461978863789
2024-03-20 00:00:00;13081;52845;462789330912
2024-03-19 00:00:00;13115;52899;461890115226
2024-03-18 00:00:00;13122;53115;469571260076
2024-03-17 00:00:00;13107;53019;466245283430
2024-03-16 00:00:00;13234;53389;465504491716
2024-03-15 00:00:00;13232;53387;463209540175
2024-03-14 00:00:00;13214;53295;459234044127
2024-03-13 00:00:00;13188;53410;460004823055
2024-03-12 00:00:00;13279;53893;460820679382
2024-03-11 00:00:00;13240;53814;458454523621
2024-03-10 00:00:00;13238;53842;457777547605
2024-03-09 00:00:00;13374;54132;457548792106
2024-03-08 00:00:00;13377;54201;458069311109
2024-03-07 00:00:00;13355;54183;456238586577
2024-03-06 00:00:00;13324;54244;460565482226
2024-03-05 00:00:00;13399;54587;462551400071
2024-03-04 00:00:00;13363;54600;462151872120
2024-03-03 00:00:00;13352;54522;461017515817
2024-03-02 00:00:00;7876;43971;437741873563
2024-03-01 00:00:00;13396;54734;461299374773
2024-02-29 00:00:00;13385;54676;458269526821
2024-02-28 00:00:00;13331;54677;462933225481
2024-02-27 00:00:00;13391;54765;466918807200
2024-02-26 00:00:00;13370;54718;465672369729
2024-02-25 00:00:00;13367;54656;461784221988
2024-02-24 00:00:00;13404;54888;464358071817
2024-02-23 00:00:00;13384;54808;465468556747
2024-02-22 00:00:00;13351;54766;474840726080
2024-02-21 00:00:00;13289;54621;473217015830
2024-02-20 00:00:00;13402;54940;470679113777
2024-02-19 00:00:00;13399;55012;470565342167
2024-02-18 00:00:00;13416;55117;470810800801
2024-02-17 00:00:00;8126;44962;448635349186
2024-02-16 00:00:00;13403;55450;484748191426
2024-02-15 00:00:00;13403;55598;484645126243
2024-02-14 00:00:00;13367;55646;484349376759
2024-02-13 00:00:00;13437;55862;483184256020
2024-02-12 00:00:00;13420;55723;480902822916
2024-02-11 00:00:00;13484;56046;481856470360
2024-02-10 00:00:00;7925;45177;455910176194
2024-02-09 00:00:00;13699;56928;482478473309
2024-02-08 00:00:00;13710;56970;481187676537
2024-02-07 00:00:00;13696;57064;480120508321
2024-02-06 00:00:00;13851;57692;498870932547
2024-02-05 00:00:00;13849;57773;498922165056
2024-02-04 00:00:00;13837;57792;498753657633
2024-02-03 00:00:00;11890;52805;482202043123
2024-02-02 00:00:00;13828;58028;499270996172
2024-02-01 00:00:00;13831;58096;499926238682
2024-01-31 00:00:00;13818;58147;498880571479
2024-01-30 00:00:00;13728;57997;497791268911
2024-01-29 00:00:00;13726;57907;494278984434
2024-01-28 00:00:00;13716;57876;493201842848
2024-01-27 00:00:00;13765;57965;491276687778
2024-01-26 00:00:00;13748;57889;490809190998
2024-01-25 00:00:00;13748;58054;490148396451
2024-01-24 00:00:00;13678;57882;488844278834
2024-01-23 00:00:00;13768;58177;489952313229
2024-01-22 00:00:00;13756;58191;495343115703
2024-01-21 00:00:00;13734;58125;493539609890
2024-01-20 00:00:00;9718;49293;471046197622
2024-01-19 00:00:00;13768;58230;492624608292
2024-01-18 00:00:00;13767;58224;490016708473
2024-01-17 00:00:00;13745;58251;490641939824
2024-01-16 00:00:00;13789;58379;490078030353
2024-01-15 00:00:00;13763;58316;487091086371
2024-01-14 00:00:00;13755;58288;485094020805
2024-01-13 00:00:00;11241;52221;469044689442
2024-01-12 00:00:00;13707;58231;484587088035
2024-01-11 00:00:00;13690;58251;485040909143
2024-01-10 00:00:00;13648;58444;507839253881
2024-01-09 00:00:00;13742;58729;507259535412
2024-01-08 00:00:00;13725;58693;505326915136
2024-01-07 00:00:00;13712;58637;503036965991
2024-01-06 00:00:00;12367;54703;487671141474
2024-01-05 00:00:00;13832;59041;502683561633
2024-01-04 00:00:00;13803;58989;501983108819
2024-01-03 00:00:00;13791;59029;500447263592
2024-01-02 00:00:00;13759;59036;499457040916
2024-01-01 00:00:00;13749;59138;502396062557
2023-12-31 00:00:00;13749;59306;503801839137
2023-12-30 00:00:00;13731;59300;503485076132
2023-12-29 00:00:00;13701;59289;504548955086
2023-12-28 00:00:00;13707;59372;506150420105
2023-12-27 00:00:00;13694;59403;504487742002
2023-12-26 00:00:00;13685;59320;501437904385
2023-12-25 00:00:00;13671;59324;501628234457
2023-12-24 00:00:00;13681;59374;500707771070
2023-12-23 00:00:00;13677;59366;501166929685
2023-12-22 00:00:00;13666;59419;506299517773
2023-12-21 00:00:00;13714;59538;506286912824
2023-12-20 00:00:00;13707;59501;505589608045
2023-12-19 00:00:00;13694;59492;505925695451
2023-12-18 00:00:00;13671;59466;506494570405
2023-12-17 00:00:00;13704;59562;507232666644
2023-12-16 00:00:00;13689;59557;507341692140
2023-12-15 00:00:00;13680;59565;506700042881
2023-12-14 00:00:00;13719;59728;507400794687
2023-12-13 00:00:00;13705;59695;507122082232
2023-12-12 00:00:00;13694;59659;506441281762
2023-12-11 00:00:00;13676;59649;506359326445
2023-12-10 00:00:00;13710;59879;510520711864
2023-12-09 00:00:00;13691;59843;510341674731
2023-12-08 00:00:00;13662;59840;509965771885
2023-12-07 00:00:00;13704;60028;509088183023
2023-12-06 00:00:00;13682;59998;509385073295
2023-12-05 00:00:00;13671;60005;508607223243
2023-12-04 00:00:00;13633;60020;509415833980
2023-12-03 00:00:00;13685;60237;514230853526
2023-12-02 00:00:00;13653;60160;514051424482
2023-12-01 00:00:00;13636;60098;511364240104
2023-11-30 00:00:00;13806;60472;510378318599
2023-11-29 00:00:00;13786;60568;539509555041
2023-11-28 00:00:00;13768;60577;538060152943
2023-11-27 00:00:00;13774;60737;541604987151
2023-11-26 00:00:00;13804;60971;541791159155
2023-11-25 00:00:00;13790;60992;542629913546
2023-11-24 00:00:00;13777;60952;541874706836
2023-11-23 00:00:00;13914;61518;542747200870
2023-11-22 00:00:00;13896;61494;542926267572
2023-11-21 00:00:00;13877;61456;540157831724
2023-11-20 00:00:00;13851;61422;538919732177
2023-11-19 00:00:00;13978;61771;536642724276
2023-11-18 00:00:00;13967;61777;536624738776
2023-11-17 00:00:00;13956;61769;535223343967
2023-11-16 00:00:00;14021;61996;536467686746
2023-11-15 00:00:00;14012;61984;536491571285
2023-11-14 00:00:00;14005;62031;535823965313
2023-11-13 00:00:00;13990;62041;534941335451
2023-11-12 00:00:00;14049;62248;534344064959
2023-11-11 00:00:00;14018;62172;534336891167
2023-11-10 00:00:00;13998;62190;533926799725
2023-11-09 00:00:00;13991;62344;535729822141
2023-11-08 00:00:00;13979;62334;536664156595
2023-11-07 00:00:00;13946;62261;536330480409
2023-11-06 00:00:00;13925;62242;538250313948
2023-11-05 00:00:00;13950;62393;538450286383
2023-11-04 00:00:00;13929;62339;536872275081
2023-11-03 00:00:00;13907;62226;536678706233
2023-11-02 00:00:00;13939;62297;535925489149
2023-11-01 00:00:00;13917;62170;535629794727
2023-10-31 00:00:00;13893;62111;533662588845
2023-10-30 00:00:00;13881;62073;533506954768
2023-10-29 00:00:00;13927;62350;532131489734
2023-10-28 00:00:00;13921;62256;531315775494
2023-10-27 00:00:00;13900;62212;530578549177
2023-10-26 00:00:00;13950;62275;528549256851
2023-10-25 00:00:00;14041;62374;529217112954
2023-10-24 00:00:00;14033;62451;529244692286
2023-10-23 00:00:00;14018;62476;528148579775
2023-10-22 00:00:00;14028;62510;535948405726
2023-10-21 00:00:00;14034;62962;539718385000
2023-10-20 00:00:00;14049;63237;543511613174
2023-10-19 00:00:00;14147;63529;542490414382
2023-10-18 00:00:00;14163;63543;542638567026
2023-10-17 00:00:00;14168;63529;540821657816
2023-10-16 00:00:00;14210;63532;537267485917
2023-10-15 00:00:00;14288;63646;534516805295
2023-10-14 00:00:00;14265;63486;533224999596
2023-10-13 00:00:00;14258;63422;530773822269
2023-10-12 00:00:00;14319;63530;527352901350
2023-10-11 00:00:00;14299;63406;524174597494
2023-10-10 00:00:00;14291;63565;524247293697
2023-10-09 00:00:00;14270;63574;530019569168
2023-10-08 00:00:00;14330;63783;535080305397
2023-10-07 00:00:00;14305;63786;534657649099
2023-10-06 00:00:00;14292;63701;533595492040
2023-10-05 00:00:00;14342;63843;532433068877
2023-10-04 00:00:00;14343;63801;530062169557
2023-10-03 00:00:00;14326;63511;503261691836
2023-10-02 00:00:00;14343;63063;477799178642
2023-10-01 00:00:00;14461;63108;450477569403
2023-09-30 00:00:00;14842;63976;450995659958
2023-09-29 00:00:00;14842;63979;449134759801
2023-09-28 00:00:00;14898;64057;447563698549
2023-09-27 00:00:00;14925;64066;445461821475
2023-09-26 00:00:00;15466;65878;448512909303
2023-09-25 00:00:00;15503;66937;472933168826
2023-09-24 00:00:00;15558;67435;476146305607
2023-09-23 00:00:00;15639;68888;490185938358
2023-09-22 00:00:00;15577;68676;489066394867
2023-09-21 00:00:00;15593;68769;492477832534
2023-09-20 00:00:00;15573;68720;492482244449
2023-09-19 00:00:00;15485;68335;490049783022
2023-09-18 00:00:00;15423;68083;488709278929
2023-09-17 00:00:00;15392;68034;488069741887
2023-09-16 00:00:00;15362;67813;486390678801
2023-09-15 00:00:00;15343;67720;485541938162
2023-09-14 00:00:00;15417;67921;485662959960
2023-09-13 00:00:00;15381;67829;483283778687
2023-09-12 00:00:00;15395;67660;481672247456
2023-09-11 00:00:00;15354;67387;480263626253
2023-09-10 00:00:00;15426;67684;480409221232
2023-09-09 00:00:00;15404;67661;479189678682
2023-09-08 00:00:00;15386;67645;483085611201
2023-09-07 00:00:00;15385;67596;480392175655
2023-09-06 00:00:00;15362;67298;480280907494
2023-09-05 00:00:00;15346;67088;478589760961
2023-09-04 00:00:00;15298;66816;475740582781
2023-09-03 00:00:00;15388;67044;474976286398
2023-09-02 00:00:00;15370;66959;474557290832
2023-09-01 00:00:00;15360;67072;473872512892
2023-08-31 00:00:00;15430;67242;473746644678
2023-08-30 00:00:00;15404;67172;472322079139
2023-08-29 00:00:00;15403;67087;470052917685
2023-08-28 00:00:00;15352;66887;466785824022
2023-08-27 00:00:00;15450;67195;480381349835
2023-08-26 00:00:00;15429;67090;478417808313
2023-08-25 00:00:00;15356;66884;474256855673
2023-08-24 00:00:00;15469;67159;472557095100
2023-08-23 00:00:00;15467;67327;472071772823
2023-08-22 00:00:00;15457;67363;471772854940
2023-08-21 00:00:00;15498;67372;470648805985
2023-08-20 00:00:00;15440;67215;467544719518
2023-08-19 00:00:00;15538;67762;470221135461
2023-08-18 00:00:00;15541;67816;470565291165
2023-08-17 00:00:00;15539;67833;472414533139
2023-08-16 00:00:00;15643;68173;472558245718
2023-08-15 00:00:00;15641;68268;478147493199
2023-08-14 00:00:00;15625;68218;476685366179
2023-08-13 00:00:00;15558;68061;477086630910
2023-08-12 00:00:00;15639;68305;477263078263
2023-08-11 00:00:00;15637;68295;477489785911
2023-08-10 00:00:00;15613;68143;477462550159
2023-08-09 00:00:00;15669;68321;478162928733
2023-08-08 00:00:00;15651;68253;475514798386
2023-08-07 00:00:00;15614;68204;476708714026
2023-08-06 00:00:00;15573;68017;474994351273
2023-08-05 00:00:00;15637;68241;478003728103
2023-08-04 00:00:00;15595;68154;476852580255
2023-08-03 00:00:00;15572;67992;475322975944
2023-08-02 00:00:00;15573;68130;476141990036
2023-08-01 00:00:00;15543;67952;479138569963
2023-07-31 00:00:00;15500;67796;478527430461
2023-07-30 00:00:00;15430;67553;476833706811
2023-07-29 00:00:00;15535;67933;476521831210
2023-07-28 00:00:00;15512;67886;475914435669
2023-07-27 00:00:00;15485;67845;475473874609
2023-07-26 00:00:00;15551;68035;473902035524
2023-07-25 00:00:00;15578;67972;474196214624
2023-07-24 00:00:00;15547;67997;501337996695
2023-07-23 00:00:00;15536;68017;500558209524
2023-07-21 00:00:00;0;0;0
2023-07-16 00:00:00;15568;68399;492231919560
2023-07-15 00:00:00;15559;68383;491864514985
2023-07-14 00:00:00;15489;68189;492543554261
2023-07-13 00:00:00;15512;68342;492673725516
2023-07-12 00:00:00;15521;68470;492901070806
2023-07-11 00:00:00;15501;68421;493646710442
2023-07-10 00:00:00;10515;57325;473434067343
2023-07-09 00:00:00;15576;69141;552171022651
2023-07-08 00:00:00;15537;68971;551311430922
2023-07-07 00:00:00;15510;68872;550594521519
2023-07-06 00:00:00;15547;69106;547964302113
2023-07-05 00:00:00;15538;69027;547278696707
2023-07-04 00:00:00;15501;69011;547337902512
2023-07-03 00:00:00;13970;64664;538250458173
2023-07-02 00:00:00;15493;69193;548628064988
2023-07-01 00:00:00;15475;69148;547754348586
2023-06-30 00:00:00;15433;69039;548861870197
2023-06-29 00:00:00;15502;69212;548273204880
2023-06-28 00:00:00;15506;69278;549670119814
2023-06-27 00:00:00;15484;69205;548282138938
2023-06-26 00:00:00;14048;65208;539453033987
2023-06-25 00:00:00;15519;69385;548722027798
2023-06-24 00:00:00;15501;69313;549004630094
2023-06-23 00:00:00;15498;69217;548323821057
2023-06-22 00:00:00;15535;69451;547775446952
2023-06-21 00:00:00;15505;69302;547527682476
2023-06-20 00:00:00;15504;69324;546939223324
2023-06-19 00:00:00;14895;67657;541847353310
2023-06-18 00:00:00;15448;69223;546613954096
2023-06-17 00:00:00;15434;69070;544860691760
2023-06-16 00:00:00;15394;68918;544110623579
2023-06-15 00:00:00;15538;69472;544465508879
2023-06-14 00:00:00;15521;69305;543505369467
2023-06-13 00:00:00;15514;69318;542007073815
2023-06-12 00:00:00;13958;65053;531937833168
2023-06-11 00:00:00;15553;69905;541964967327
2023-06-10 00:00:00;15550;70003;541835227519
2023-06-09 00:00:00;15553;70055;543015432892
2023-06-08 00:00:00;15727;70558;542279883577
2023-06-07 00:00:00;15716;70486;542533827949
2023-06-06 00:00:00;15693;70368;541596702687
2023-06-05 00:00:00;9505;56093;511417854463
2023-06-04 00:00:00;15761;70462;539856040360
2023-06-03 00:00:00;15753;70454;539009434015
2023-06-02 00:00:00;15730;70448;538987721476
2023-06-01 00:00:00;15757;70677;537637594953
2023-05-31 00:00:00;15724;70711;542053441368
2023-05-30 00:00:00;15697;70646;542082619775
2023-05-29 00:00:00;14015;66201;530218770356
2023-05-28 00:00:00;15793;71096;541829964483
2023-05-27 00:00:00;15736;70899;541417458381
2023-05-26 00:00:00;15718;70855;541012610873
2023-05-25 00:00:00;15750;71172;541883005124
2023-05-24 00:00:00;15585;70854;540963422285
2023-05-23 00:00:00;15559;70754;540776581568
2023-05-22 00:00:00;13731;65849;527820554810
2023-05-21 00:00:00;15590;70954;536768135780
2023-05-20 00:00:00;15560;71004;537308894553
2023-05-19 00:00:00;15526;70982;537164507464
2023-05-18 00:00:00;15647;71385;537085174664
2023-05-17 00:00:00;15617;71602;538211709364
2023-05-16 00:00:00;15596;71569;537873065756
2023-05-15 00:00:00;12873;64764;524214231617
2023-05-14 00:00:00;15574;72130;539717669157
2023-05-13 00:00:00;15567;72617;544034979487
2023-05-12 00:00:00;15484;72364;542754410992
2023-05-11 00:00:00;15543;72572;542674713719
2023-05-10 00:00:00;15507;72539;543080770968
2023-05-09 00:00:00;15485;72571;545940799259
2023-05-08 00:00:00;12659;65772;531158585215
2023-05-07 00:00:00;15394;72412;545011091630
2023-05-06 00:00:00;15362;72320;544751323860
2023-05-05 00:00:00;15355;72366;545149413397
2023-05-04 00:00:00;15485;72867;545898713782
2023-05-03 00:00:00;15461;72805;546205891807
2023-05-02 00:00:00;15393;72670;546677456983
2023-05-01 00:00:00;14483;69667;539946819787
2023-04-30 00:00:00;15299;72453;545671635027
2023-04-29 00:00:00;15285;72472;545498954235
2023-04-28 00:00:00;15266;72540;543906720062
2023-04-27 00:00:00;15289;72689;542798980652
2023-04-26 00:00:00;15275;72673;542442407087
2023-04-25 00:00:00;15252;72640;542583250049
2023-04-24 00:00:00;13053;67139;529311660607
2023-04-23 00:00:00;15383;72964;544325284365
2023-04-22 00:00:00;15355;72825;543091366030
2023-04-21 00:00:00;15319;72759;543648328104
2023-04-20 00:00:00;15362;72975;544901214519
2023-04-19 00:00:00;15332;72978;547673893896
2023-04-18 00:00:00;15310;73026;550226255960
2023-04-17 00:00:00;14339;70419;542945784444
2023-04-16 00:00:00;15336;73052;547865988473
2023-04-15 00:00:00;15318;73048;547682551698
2023-04-14 00:00:00;15287;72955;546920385485
2023-04-13 00:00:00;15323;73050;546923269758
2023-04-12 00:00:00;15298;72897;545678600189
2023-04-11 00:00:00;15265;72800;546948463469
2023-04-10 00:00:00;10420;61638;523612313398
2023-04-09 00:00:00;15303;73135;547460646300
2023-04-08 00:00:00;15292;73059;546316328936
2023-04-07 00:00:00;15237;72890;545702507176
2023-04-06 00:00:00;15263;72973;545405045070
2023-04-05 00:00:00;15256;73015;545624247549
2023-04-04 00:00:00;15226;72975;545029109931
2023-04-03 00:00:00;12754;66556;530267729768
2023-04-02 00:00:00;15249;73021;544055227666
2023-04-01 00:00:00;15245;73206;543701756437
2023-03-31 00:00:00;15219;73255;543848320543
2023-03-30 00:00:00;15253;73452;544185969059
2023-03-29 00:00:00;15237;73446;545778495205
2023-03-28 00:00:00;15237;73503;544261277822
2023-03-27 00:00:00;13751;69395;535673120744
2023-03-26 00:00:00;15229;73589;549241229326
2023-03-25 00:00:00;15199;73532;547365346355
2023-03-24 00:00:00;15165;73610;548450593305
2023-03-23 00:00:00;15226;73768;548662237254
2023-03-22 00:00:00;15213;73685;547501668918
2023-03-21 00:00:00;15177;73554;546204035700
2023-03-20 00:00:00;11710;65290;525937733917
2023-03-19 00:00:00;15203;73824;545226726664
2023-03-18 00:00:00;15179;73793;545885321715
2023-03-17 00:00:00;15160;73675;544204801857
2023-03-16 00:00:00;15091;73373;543371035266
2023-03-15 00:00:00;15066;73445;544132290184
2023-03-14 00:00:00;14913;72929;541164455957
2023-03-13 00:00:00;15166;73765;541450547368
2023-03-12 00:00:00;15159;73674;541863018446
2023-03-11 00:00:00;15098;73391;539198314079
2023-03-10 00:00:00;15267;74229;542453908503
2023-03-09 00:00:00;15118;74078;543839836303
2023-03-08 00:00:00;15098;74103;543047829973
2023-03-07 00:00:00;15000;73797;542924645054
2023-03-06 00:00:00;15157;74438;544517961822
2023-03-05 00:00:00;15140;74383;543592584978
2023-03-04 00:00:00;15085;74076;541935397565
2023-03-03 00:00:00;15182;74461;542495637406
2023-03-02 00:00:00;15160;74470;545623041363
2023-03-01 00:00:00;15124;74362;544611207505
2023-02-28 00:00:00;14998;73953;542997575374
2023-02-27 00:00:00;15139;74607;545611584105
2023-02-26 00:00:00;15090;74552;547336687735
2023-02-25 00:00:00;15043;74344;544040662472
2023-02-24 00:00:00;15130;74805;544693341371
2023-02-23 00:00:00;15103;74728;541649311836
2023-02-22 00:00:00;15048;74464;540269888489
2023-02-21 00:00:00;14787;73495;538011790303
2023-02-20 00:00:00;15041;74520;539883307231
2023-02-19 00:00:00;15020;74402;539314130767
2023-02-18 00:00:00;15007;74174;537011726394
2023-02-17 00:00:00;15181;74795;538176680235
2023-02-16 00:00:00;15142;74678;538293022756
2023-02-15 00:00:00;15150;74819;542126666837
2023-02-14 00:00:00;14933;74138;540937142837
2023-02-13 00:00:00;15042;74421;540667960247
2023-02-12 00:00:00;14999;74246;538740785645
2023-02-11 00:00:00;14898;73832;538392129650
2023-02-10 00:00:00;15061;74916;540442000927
2023-02-09 00:00:00;15046;74903;540038568943
2023-02-08 00:00:00;14994;74798;539338449727
2023-02-07 00:00:00;14848;74331;538552626460
2023-02-06 00:00:00;14986;74967;538493994253
2023-02-05 00:00:00;14963;74793;538845463628
2023-02-04 00:00:00;14910;74461;536615908094
2023-02-03 00:00:00;15121;75176;536410293385
2023-02-02 00:00:00;15073;75092;536038483916
2023-02-01 00:00:00;15054;75079;534881262780
2023-01-31 00:00:00;14837;74274;531464678189
2023-01-30 00:00:00;15042;74976;533182506285
2023-01-29 00:00:00;15023;74759;531457035372
2023-01-28 00:00:00;14994;74622;533473815722
2023-01-27 00:00:00;14976;74495;533228004765
2023-01-26 00:00:00;14925;74266;531732463838
2023-01-25 00:00:00;14875;74085;529304881004
2023-01-24 00:00:00;14717;73445;524287282456
2023-01-23 00:00:00;14869;74202;529141901243
2023-01-22 00:00:00;14859;74075;527288140374
2023-01-21 00:00:00;14850;73911;526038098559
2023-01-20 00:00:00;14909;74124;526901218971
2023-01-19 00:00:00;14902;74069;526748271388
2023-01-18 00:00:00;14844;73828;524486716749
2023-01-17 00:00:00;14752;73480;522119035396
2023-01-16 00:00:00;14840;73678;521036139977
2023-01-15 00:00:00;14813;73593;520881854740
2023-01-14 00:00:00;14795;73376;519782700859
2023-01-13 00:00:00;14950;73788;519583033232
2023-01-12 00:00:00;14928;73956;523724626889
2023-01-11 00:00:00;14883;73865;523281596023
2023-01-10 00:00:00;14752;73495;521609560734
2023-01-09 00:00:00;14959;74094;521803523439
2023-01-08 00:00:00;14946;73968;520696780858
2023-01-07 00:00:00;14921;73915;521124237157
2023-01-06 00:00:00;14961;74087;520884198732
2023-01-05 00:00:00;14942;74028;521772868697
2023-01-04 00:00:00;14923;73875;518974136413
2023-01-03 00:00:00;14834;73595;519043476835
2023-01-02 00:00:00;14950;74001;519095939886
2023-01-01 00:00:00;14912;73785;517502475152
2022-12-31 00:00:00;14895;73693;515327206061
2022-12-30 00:00:00;14940;73900;517263503110
2022-12-29 00:00:00;14907;73806;516018152366
2022-12-28 00:00:00;14888;73749;514003370334
2022-12-27 00:00:00;14809;73454;510791488368
2022-12-26 00:00:00;14861;73696;513667721339
2022-12-25 00:00:00;14846;73573;514952187116
2022-12-24 00:00:00;14826;73738;515795169689
2022-12-23 00:00:00;14726;73639;516656174168
2022-12-22 00:00:00;14713;73518;516844742824
2022-12-21 00:00:00;14696;73437;517784027834
2022-12-20 00:00:00;14658;73244;517889810367
2022-12-19 00:00:00;14699;73363;518388679249
2022-12-18 00:00:00;14737;73442;519248455672
2022-12-17 00:00:00;14711;73316;519983020083
2022-12-16 00:00:00;14747;73394;517582341054
2022-12-15 00:00:00;14730;73377;517679695629
2022-12-14 00:00:00;14719;73245;514294140874
2022-12-13 00:00:00;14668;72991;514053104617
2022-12-12 00:00:00;14771;73346;512361273882
2022-12-11 00:00:00;14751;73298;511081959399
2022-12-10 00:00:00;14729;73074;509494577511
2022-12-09 00:00:00;14817;73408;509696230511
2022-12-08 00:00:00;14802;73269;508158983583
2022-12-07 00:00:00;14763;73811;510115897795
2022-12-06 00:00:00;14706;73558;509978804472
2022-12-05 00:00:00;14829;74153;510478629326
2022-12-04 00:00:00;14827;74219;508665400514
2022-12-03 00:00:00;14806;74260;509450934141
2022-12-02 00:00:00;14840;74432;510251855539
2022-12-01 00:00:00;14825;74385;510949253348
2022-11-30 00:00:00;14812;74378;512667833526
2022-11-29 00:00:00;14802;74324;512351310176
2022-11-28 00:00:00;14875;74760;516267712284
2022-11-27 00:00:00;14867;74649;514164147875
2022-11-26 00:00:00;14846;74423;512133198065
2022-11-25 00:00:00;14884;74450;512330889537
2022-11-24 00:00:00;14875;74321;509271836038
2022-11-23 00:00:00;14848;74290;510561743989
2022-11-22 00:00:00;14813;74042;508050214985
2022-11-21 00:00:00;14865;74241;506702084393
2022-11-20 00:00:00;14888;74388;513996677431
2022-11-19 00:00:00;14866;74316;512805041747
2022-11-18 00:00:00;15009;75300;518341806279
2022-11-17 00:00:00;15001;75092;512400110259
2022-11-16 00:00:00;14993;75022;511044948073
2022-11-15 00:00:00;14910;74726;511042203991
2022-11-14 00:00:00;15150;75620;516183970922
2022-11-13 00:00:00;15141;75625;515739452700
2022-11-12 00:00:00;15122;75491;514308074148
2022-11-11 00:00:00;15154;75578;513747875129
2022-11-10 00:00:00;15169;75502;513755723392
2022-11-09 00:00:00;15194;75502;515405290059
2022-11-08 00:00:00;15165;75384;516306803950
2022-11-07 00:00:00;15218;75729;520864485688
2022-11-06 00:00:00;15201;75604;517936848455
2022-11-05 00:00:00;15197;75540;515268360576
2022-11-04 00:00:00;15209;75578;513500338486
2022-11-03 00:00:00;15202;75633;514848140461
2022-11-02 00:00:00;15191;75669;512940520841
2022-11-01 00:00:00;15174;75633;513926406904
2022-10-31 00:00:00;15250;76195;514566558529
2022-10-30 00:00:00;15227;75966;512890793767
2022-10-29 00:00:00;15215;75738;509887013733
2022-10-28 00:00:00;15563;78288;519412267824
2022-10-27 00:00:00;15550;78249;514249601674
2022-10-26 00:00:00;15538;78255;515854526338
2022-10-25 00:00:00;15527;78084;511584520432
2022-10-24 00:00:00;15846;79453;512096845327
2022-10-23 00:00:00;15843;79383;509603520377
2022-10-22 00:00:00;15834;79183;507623283062
2022-10-21 00:00:00;15862;79247;504766955671
2022-10-20 00:00:00;15843;79070;503584025073
2022-10-19 00:00:00;15822;79116;499358121641
2022-10-18 00:00:00;15791;79324;498426326741
2022-10-17 00:00:00;15852;79841;501465578575
2022-10-16 00:00:00;15851;80017;500045537195
2022-10-15 00:00:00;15820;80100;499443096985
2022-10-14 00:00:00;15869;80515;499383570399
2022-10-13 00:00:00;15854;80762;499266741680
2022-10-12 00:00:00;15870;81219;500785990858
2022-10-11 00:00:00;15862;81222;499811212382
2022-10-10 00:00:00;15874;81308;497790079196
2022-10-09 00:00:00;15876;81426;497441369106
2022-10-08 00:00:00;15851;81462;497735781775
2022-10-07 00:00:00;15880;81574;496219729977
2022-10-06 00:00:00;15853;81710;500200011601
2022-10-05 00:00:00;15854;81676;498603347649
2022-10-04 00:00:00;15840;81582;498499654004
2022-10-03 00:00:00;15854;81585;495969085843
2022-10-02 00:00:00;15849;81546;495327969740
2022-10-01 00:00:00;15825;81436;493313654575
2022-09-30 00:00:00;15849;81539;492377916935
2022-09-29 00:00:00;15835;81451;489750964522
2022-09-28 00:00:00;15829;81409;487229740792
2022-09-27 00:00:00;15789;81329;486456653911
2022-09-26 00:00:00;15854;81570;486414726045
2022-09-25 00:00:00;15833;81547;484139134247
2022-09-24 00:00:00;15819;81542;483291564688
2022-09-23 00:00:00;15841;81567;481272903331
2022-09-22 00:00:00;15825;81658;480875448598
2022-09-21 00:00:00;15823;81617;481471938120
2022-09-20 00:00:00;15776;81386;478443011722
2022-09-19 00:00:00;15829;81459;477733863444
2022-09-18 00:00:00;15816;81428;478459610019
2022-09-17 00:00:00;15808;81445;477809931813
2022-09-16 00:00:00;15825;81635;479021639916
2022-09-15 00:00:00;15816;81598;478324904599
2022-09-14 00:00:00;15811;81562;477276143883
2022-09-13 00:00:00;15806;81462;474936399849
2022-09-12 00:00:00;15840;81614;474626842605
2022-09-11 00:00:00;15833;81582;474359284712
2022-09-10 00:00:00;15814;81463;472971203764
2022-09-09 00:00:00;15864;81677;469224606807
2022-09-08 00:00:00;15855;81868;471028176075
2022-09-07 00:00:00;15847;81889;471050025836
2022-09-06 00:00:00;15843;81798;468455494267
2022-09-05 00:00:00;15833;81937;467888539269
2022-09-04 00:00:00;15871;82023;467823964849
2022-09-03 00:00:00;15853;81768;464882128189
2022-09-02 00:00:00;15829;81601;463839372691
2022-09-01 00:00:00;15804;81476;462043013709
2022-08-31 00:00:00;15856;81842;461575675997
2022-08-30 00:00:00;15846;81763;461237908219
2022-06-13 00:00:00;15174;74508;320584191808
2022-06-12 00:00:00;15521;75988;324881805183
2022-06-11 00:00:00;15591;76483;326825914615
2022-06-10 00:00:00;15645;77028;329173895938
2022-06-09 00:00:00;15697;77404;330489102802
2022-06-08 00:00:00;15746;77703;331947796888
2022-06-07 00:00:00;15790;78006;333161803033
2022-06-06 00:00:00;15825;78270;333695589082
2022-06-05 00:00:00;15854;78585;335286753306
2022-06-04 00:00:00;15884;78886;336001144036
2022-06-03 00:00:00;15900;79050;336433336566
2022-06-02 00:00:00;15911;79122;336650176937
2022-06-01 00:00:00;15908;78995;335931561956
2022-05-31 00:00:00;15947;79599;338744526354
2022-05-30 00:00:00;15941;79897;340283949667
2022-05-29 00:00:00;15934;79939;339934754046
2022-05-28 00:00:00;15933;79911;339692159584
2022-05-27 00:00:00;15928;79809;339130652551
2022-05-26 00:00:00;15932;79745;338591702852
2022-05-25 00:00:00;15926;79563;336921291716
2022-05-24 00:00:00;15941;79604;336166293836
2022-05-23 00:00:00;15918;79383;334678555655
2022-05-22 00:00:00;15892;79192;333706911903
2022-05-21 00:00:00;15867;78978;332220869962
2022-05-20 00:00:00;15821;78536;329384714321
2022-05-19 00:00:00;15826;78716;329760214816
2022-05-18 00:00:00;15840;78914;330770642939
2022-05-17 00:00:00;15848;78921;330479761656
2022-05-16 00:00:00;15820;78833;329825028245
2022-05-15 00:00:00;15807;78894;329857243297
2022-05-14 00:00:00;15807;78992;329971190125
2022-05-13 00:00:00;15809;79184;330224005650
2022-05-12 00:00:00;15811;79349;330860786752
2022-05-11 00:00:00;15825;79434;330183540572
2022-05-10 00:00:00;15861;79399;330221587045
2022-05-09 00:00:00;15866;79501;330800299698
2022-05-08 00:00:00;15847;79193;330095224953
2022-05-07 00:00:00;15849;79214;328054138066
2022-05-06 00:00:00;15893;79180;327130127860
2022-05-05 00:00:00;15885;79417;328195045382
2022-05-04 00:00:00;16007;79857;330322307998
2022-05-03 00:00:00;16059;80067;335073095027
2022-05-02 00:00:00;16731;80794;334706643942
2022-05-01 00:00:00;17503;81329;333866700147
2022-04-30 00:00:00;18643;82434;333013462629
2022-04-29 00:00:00;18792;82643;333377658985
2022-04-28 00:00:00;18805;82645;332867426527
2022-04-27 00:00:00;18820;82300;330416265932
2022-04-26 00:00:00;18813;82278;329810795472
2022-04-25 00:00:00;18831;82073;328517594353
2022-04-24 00:00:00;18814;81782;327712596217
2022-04-23 00:00:00;18806;81630;325842707901
2022-04-22 00:00:00;18801;81633;325427810684
2022-04-21 00:00:00;18764;81433;324191675760
2022-04-20 00:00:00;18728;81302;323826816608
2022-04-19 00:00:00;18724;81302;323661346069
2022-04-18 00:00:00;18735;81347;322672558076
2022-04-17 00:00:00;18725;81304;322645519558
2022-04-16 00:00:00;18762;81370;322521464684
2022-04-15 00:00:00;18739;81431;322424319413
2022-04-14 00:00:00;18735;81438;323008640272
2022-04-13 00:00:00;18719;81442;321975094618
2022-04-12 00:00:00;18713;81364;321135792645
2022-04-11 00:00:00;18708;81328;320973469197
2022-04-10 00:00:00;18675;81093;319924420333
2022-04-09 00:00:00;18878;81307;319489167183
2022-04-08 00:00:00;19120;81614;319743841421
2022-04-07 00:00:00;19101;81901;321080825058
2022-04-06 00:00:00;19095;81846;319929316296
2022-04-05 00:00:00;19115;82049;320464763078
2022-04-04 00:00:00;19082;82002;319955867188
2022-04-03 00:00:00;19097;82432;320041327327
2022-04-02 00:00:00;19129;82462;318243170495
2022-04-01 00:00:00;19148;82552;317491970344
2022-03-31 00:00:00;19155;82646;317319075430
2022-03-30 00:00:00;19175;82734;316745662535
2022-03-29 00:00:00;19173;82788;316704576266
2022-03-28 00:00:00;19155;82825;316255682643
2022-03-27 00:00:00;19155;82758;315522723343
2022-03-26 00:00:00;19158;82705;315012806642
2022-03-25 00:00:00;19153;82545;313520832879
2022-03-24 00:00:00;19149;82492;313107700653
2022-03-23 00:00:00;19145;82421;312522650123
2022-03-22 00:00:00;19154;82524;312619147508
2022-03-21 00:00:00;19158;82575;312620326631
2022-03-20 00:00:00;19161;82577;312352632094
2022-03-19 00:00:00;19143;82377;311346596618
2022-03-18 00:00:00;19126;82326;310676863151
2022-03-17 00:00:00;19086;82313;309555068669
2022-03-16 00:00:00;19059;82276;308586364251
2022-03-15 00:00:00;19032;82269;308035646187
2022-03-14 00:00:00;19038;82407;308741128121
2022-03-13 00:00:00;19019;82304;308477798463
2022-03-12 00:00:00;19027;82303;308063406579
2022-03-11 00:00:00;19009;82339;308109777513
2022-03-10 00:00:00;18993;82344;308230045285
2022-03-09 00:00:00;18993;82774;310861977497
2022-03-08 00:00:00;18996;82757;309846871970
2022-03-07 00:00:00;18985;82530;308425411156
2022-03-06 00:00:00;18973;82304;307808605988
2022-03-05 00:00:00;18939;82072;307097873811
2022-03-04 00:00:00;18913;81890;306739025524
2022-03-03 00:00:00;18899;81711;305931991982
2022-03-02 00:00:00;18921;81835;305947766772
2022-03-01 00:00:00;18912;81838;306604215662
2022-02-28 00:00:00;18906;81685;306963896103
2022-02-27 00:00:00;18882;81451;306155816483
2022-02-26 00:00:00;18852;81107;304845775204
2022-02-25 00:00:00;18831;80852;303869196256
2022-02-24 00:00:00;18573;80436;303002629026
2022-02-23 00:00:00;18548;80073;301294286539
2022-02-22 00:00:00;18163;75056;281603489002
2022-02-21 00:00:00;17682;65999;245153511900
2021-10-14 00:00:00;14050;64443;257369490713
2021-10-13 00:00:00;14087;64669;258043147268
2021-10-12 00:00:00;14098;64746;258248888874
2021-10-11 00:00:00;14107;64811;258355598258
2021-10-10 00:00:00;14111;64850;258414357019
2021-10-09 00:00:00;14117;64885;258462793089
2021-10-08 00:00:00;14120;64908;258507615682
2021-10-07 00:00:00;13330;58179;238547313072
2021-09-29 00:00:00;13682;60280;214797175160
2021-09-28 00:00:00;13937;63107;224788745444
2021-09-27 00:00:00;14014;64444;230353091364
2021-09-26 00:00:00;14047;64900;231514553154
2021-09-25 00:00:00;14105;65322;232430893620
2021-09-24 00:00:00;14124;65637;233314240246
2021-09-23 00:00:00;14382;66462;234653320137
2021-09-22 00:00:00;14400;66715;235977317819
2021-09-21 00:00:00;14446;67121;236839080505
2021-09-20 00:00:00;14467;67526;238464458325
2021-09-19 00:00:00;14487;67633;238787698019
2021-09-18 00:00:00;14436;67293;237939616829
2021-09-17 00:00:00;14395;66969;235866154690
2021-09-16 00:00:00;14348;66834;219791717685
2021-09-15 00:00:00;14289;66691;219286447805
2021-09-14 00:00:00;14263;66353;217222659579
2021-09-13 00:00:00;14189;66077;217103720017
2021-09-12 00:00:00;14141;65861;215860327119
2021-09-11 00:00:00;14125;65503;213239689551
2021-09-10 00:00:00;14083;65182;212664961127
2021-09-09 00:00:00;13853;64494;210672154781
2021-09-08 00:00:00;13759;63317;204770250509
2021-09-07 00:00:00;13784;63587;205456596231
2021-09-06 00:00:00;13784;63634;205463596247
2021-09-05 00:00:00;13748;63469;205124642135
2021-09-04 00:00:00;13715;63240;204248577681
2021-09-03 00:00:00;13676;62970;203792020241
2021-09-02 00:00:00;13627;62748;203522117328
2021-09-01 00:00:00;13602;62564;203120297584
2021-08-31 00:00:00;13553;62378;202773483894
2021-08-30 00:00:00;13541;62385;202707589825
2021-08-29 00:00:00;13498;62197;202564130439
2021-08-28 00:00:00;13462;62031;202433174891
2021-08-27 00:00:00;13423;61878;201976036020
2021-08-26 00:00:00;13354;61595;200572712046
2021-08-25 00:00:00;13252;61276;200017637696
2021-08-24 00:00:00;13185;61034;198921357826
2021-08-23 00:00:00;13157;60869;198291672762
2021-08-22 00:00:00;13118;60717;197850756291
2021-08-21 00:00:00;13075;60553;197965818750
2021-08-20 00:00:00;13049;60467;197581289547
2021-08-19 00:00:00;12971;60220;196795264507
2021-08-18 00:00:00;12881;60068;196198538602
2021-08-17 00:00:00;12822;59870;195606499936
2021-08-16 00:00:00;12752;59515;194070090247
2021-08-15 00:00:00;12720;59197;193296895301
2021-08-14 00:00:00;12721;59079;192256622340
2021-08-13 00:00:00;12656;58963;191874054847
2021-08-12 00:00:00;12594;58774;191346476459
2021-08-11 00:00:00;12533;58527;190682335482
2021-08-10 00:00:00;12488;58286;189589322293
2021-08-09 00:00:00;12446;58003;188696382376
2021-08-08 00:00:00;12405;57627;187615447400
2021-08-07 00:00:00;12316;57362;186635893018
2021-08-06 00:00:00;12247;57042;185869449333
2021-08-05 00:00:00;12210;56726;185028301993
2021-08-04 00:00:00;12184;56498;183774714704
2021-08-03 00:00:00;12142;56132;182571679433
2021-08-02 00:00:00;12134;55817;180617077851
2021-08-01 00:00:00;12091;55344;178715820230
2021-07-31 00:00:00;12059;54992;176533724630
2021-07-30 00:00:00;12027;54699;175205827942
2021-07-29 00:00:00;11977;54352;172748899587
2021-07-28 00:00:00;11943;53977;170422430204
2021-07-27 00:00:00;11792;53346;169407072053
2021-07-26 00:00:00;11742;53042;168560463839
2021-07-25 00:00:00;11701;52630;167471414428
2021-07-24 00:00:00;11661;52257;166505237294
2021-07-23 00:00:00;11609;51882;163438621840
2021-07-22 00:00:00;11629;51526;159913490026
2021-07-21 00:00:00;11572;51229;158764176187
2021-07-20 00:00:00;11538;50998;157523497070
2021-07-19 00:00:00;11609;51076;156946872907
2021-07-18 00:00:00;11528;50817;156428798703
2021-07-17 00:00:00;11443;50431;155485740071
2021-07-16 00:00:00;11400;50073;154351185432
2021-07-15 00:00:00;11362;49784;153365209946
2021-07-14 00:00:00;11301;49241;151650632535
2021-07-13 00:00:00;11277;48875;150527634595
2021-07-12 00:00:00;11254;48620;149781232783
2021-07-11 00:00:00;11216;48172;147380200580
2021-07-10 00:00:00;11172;47760;145701054626
2021-07-09 00:00:00;11150;47478;144511976126
2021-07-08 00:00:00;11123;47046;141280890781
2021-07-07 00:00:00;11098;46741;139545874538
2021-07-06 00:00:00;11047;46242;137538030673
2021-07-05 00:00:00;10991;45513;134277403286
2021-07-04 00:00:00;10951;45158;132995129037
2021-07-03 00:00:00;10905;44816;132281631931
2021-07-02 00:00:00;10891;44850;132318150171
2021-07-01 00:00:00;10862;44812;132191698654
2021-06-30 00:00:00;10841;44743;132039029044
2021-06-29 00:00:00;10796;44596;131615029383
2021-06-28 00:00:00;10760;44467;131578302860
2021-06-27 00:00:00;10743;44429;131562825478
2021-06-26 00:00:00;10715;44255;130923763901
2021-06-25 00:00:00;10689;44103;130026277945
2021-06-24 00:00:00;10661;44015;129423283419
2021-06-23 00:00:00;10638;43933;129420545229
2021-06-22 00:00:00;10618;43957;129118881892
2021-06-21 00:00:00;10604;43932;128924321724
2021-06-20 00:00:00;10578;43866;128545443122
2021-06-19 00:00:00;10516;43572;126708138516
2021-06-18 00:00:00;10473;43352;125361527979
2021-06-17 00:00:00;10445;43157;124189390285
2021-06-16 00:00:00;10422;42979;123243979951
2021-06-15 00:00:00;10411;42838;122371228734
2021-06-14 00:00:00;10387;42774;122149880866
2021-06-13 00:00:00;10322;42449;118945710877
2021-06-12 00:00:00;10266;42198;117905799328
2021-06-11 00:00:00;10246;42191;118211732059
2021-06-10 00:00:00;10222;42166;118349447042
2021-06-09 00:00:00;10203;42025;118020798683
2021-06-08 00:00:00;10175;41821;116696868336
2021-06-07 00:00:00;10154;41691;116161065858
2021-06-06 00:00:00;10135;41453;115692729040
2021-06-05 00:00:00;10119;41219;114483526590
2021-06-04 00:00:00;10081;41039;113663665007
2021-06-03 00:00:00;10057;40805;113085503741
2021-06-02 00:00:00;10015;40422;111967192191
2021-06-01 00:00:00;9996;40206;111557962338
2021-05-31 00:00:00;9972;40001;110897436813
2021-05-30 00:00:00;9929;39592;109681415221
2021-05-29 00:00:00;9900;39363;108866444544
2021-05-28 00:00:00;9875;39194;107985555993
2021-05-27 00:00:00;9858;39115;107180488461
2021-05-26 00:00:00;9836;39034;106645664949
2021-05-25 00:00:00;9800;39025;106361590787
2021-05-24 00:00:00;9788;38948;106084279863
2021-05-23 00:00:00;9771;38930;105796450305
2021-05-22 00:00:00;9755;38911;105603941777
2021-05-21 00:00:00;9751;38955;105606191188
2021-05-20 00:00:00;9756;39053;105970572841
2021-05-19 00:00:00;9764;39209;106162122724
2021-05-18 00:00:00;9769;39325;106262541168
2021-05-17 00:00:00;9765;39430;106745754358
2021-05-16 00:00:00;9759;39230;105756893317
2021-05-15 00:00:00;9727;39079;105431511150
2021-05-14 00:00:00;9715;38953;105186513122
2021-05-13 00:00:00;9693;38825;104465694151
2021-05-12 00:00:00;9690;38532;103595896311
2021-05-11 00:00:00;9647;38128;102509539838
2021-05-10 00:00:00;9611;37809;101495730563
2021-05-09 00:00:00;9593;37532;101043081972
2021-05-08 00:00:00;9568;37321;100335456328
2021-05-07 00:00:00;9536;37058;99719445670
2021-05-06 00:00:00;9511;36822;98540239299
2021-05-05 00:00:00;9476;36657;98012275998
2021-05-04 00:00:00;9446;36397;97436319747
2021-05-03 00:00:00;9402;36134;97045246978
2021-05-02 00:00:00;9342;35632;95439653393
2021-05-01 00:00:00;9294;35388;94932976665
2021-04-30 00:00:00;9269;35239;94530277293
2021-04-29 00:00:00;9243;35168;94027708538
2021-04-28 00:00:00;9232;35101;93686799211
2021-04-27 00:00:00;9196;35121;93061922318
2021-04-26 00:00:00;9202;35230;93523077434
2021-04-25 00:00:00;9175;35183;93078462333
2021-04-24 00:00:00;9129;35140;92742910957
2021-04-23 00:00:00;9107;35201;92790030320
2021-04-22 00:00:00;9115;35325;92991994558
2021-04-21 00:00:00;9112;35396;93163817126
2021-04-20 00:00:00;9104;35448;93066460865
2021-04-19 00:00:00;9108;35517;93165492014
2021-04-18 00:00:00;9112;35605;93378932513
2021-04-17 00:00:00;9119;35697;93555686372
2021-04-16 00:00:00;9103;35742;93545042351
2021-04-15 00:00:00;9145;35746;93600660577
2021-04-14 00:00:00;9151;35807;93901972036
2021-04-13 00:00:00;9137;35802;93940321885
2021-04-12 00:00:00;9107;35684;93581856973
2021-04-11 00:00:00;9065;35454;93226500244
2021-04-10 00:00:00;9037;35258;92511609509
2021-04-09 00:00:00;8994;35172;92390293650
2021-04-08 00:00:00;9002;35125;93056670037
2021-04-07 00:00:00;8961;34946;92417768691
2021-04-06 00:00:00;8955;34947;92125142491
2021-04-05 00:00:00;8948;34986;92456705568
2021-04-04 00:00:00;8904;34668;91769936088
2021-04-03 00:00:00;8862;34529;91327321704
2021-04-02 00:00:00;8841;34477;91251773019
2021-04-01 00:00:00;8807;34381;91110320185
2021-03-31 00:00:00;8766;34318;91138467009
2021-03-30 00:00:00;8744;34235;90926018746
2021-03-29 00:00:00;8706;34126;90569147972
2021-03-28 00:00:00;8669;33927;90143318048
2021-03-27 00:00:00;8609;33707;89381241546
2021-03-26 00:00:00;8591;33669;89227825309
2021-03-25 00:00:00;8542;33515;89440940493
2021-03-24 00:00:00;8366;33246;89119818983
2021-03-23 00:00:00;8325;33084;88690073467
2021-03-22 00:00:00;8296;32990;88182726910
2021-03-21 00:00:00;8243;32701;87387372537
2021-03-20 00:00:00;8186;32497;87219189133
2021-03-19 00:00:00;8140;32407;86939379770
2021-03-18 00:00:00;8128;32457;86955901685
2021-03-17 00:00:00;8126;32553;86990658090
2021-03-16 00:00:00;8060;32438;86959405544
2021-03-15 00:00:00;7955;32330;86894127669
2021-03-14 00:00:00;7910;32172;86124436718
2021-03-13 00:00:00;7911;32178;86102551538
2021-03-12 00:00:00;7892;32153;85967672370
2021-03-11 00:00:00;7894;32249;86112352443
2021-03-10 00:00:00;7900;32242;85716980305
2021-03-09 00:00:00;7882;32094;84468723407
2021-03-08 00:00:00;7869;31980;84065130115
2021-03-07 00:00:00;7842;31808;83165643305
2021-03-06 00:00:00;7804;31580;82678525089
2021-03-05 00:00:00;7783;31507;82331408690
2021-03-04 00:00:00;7936;31607;81968266607
2021-03-03 00:00:00;7923;31568;81671280211
2021-03-02 00:00:00;7908;31525;81288192522
2021-03-01 00:00:00;7890;31430;81004387815
2021-02-28 00:00:00;7871;31340;80848060578
2021-02-27 00:00:00;7836;31177;80145940752
2021-02-26 00:00:00;7784;31081;80202707119
2021-02-25 00:00:00;7759;31074;80148990821
2021-02-24 00:00:00;7742;31052;80060309798
2021-02-23 00:00:00;7731;31139;80174642040
2021-02-22 00:00:00;7718;31161;80181075187
2021-02-21 00:00:00;7700;31283;81340117818
2021-02-20 00:00:00;7548;31108;81357444466
2021-02-19 00:00:00;7519;31091;81132987422
2021-02-18 00:00:00;7467;31067;81010269702
2021-02-17 00:00:00;7405;30989;80793310993
2021-02-16 00:00:00;7395;30989;80673833824
2021-02-15 00:00:00;7374;30908;80396209420
2021-02-14 00:00:00;7342;30809;80062468090
2021-02-13 00:00:00;7313;30749;80068206441
2021-02-12 00:00:00;7303;30742;80090602227
2021-02-11 00:00:00;7301;30748;80181893674
2021-02-10 00:00:00;7300;30732;80093872345
2021-02-09 00:00:00;7295;30709;79834814912
2021-02-08 00:00:00;7279;30616;79431867994
2021-02-07 00:00:00;7253;30472;79412405977
2021-02-06 00:00:00;7232;30430;79326994135
2021-02-05 00:00:00;7166;30331;78958691356
2021-02-04 00:00:00;7164;30299;79010654656
2021-02-03 00:00:00;7080;30159;78806990458
2021-02-02 00:00:00;7059;30147;79248002283
2021-02-01 00:00:00;7061;30185;79545302368
2021-01-31 00:00:00;7046;30111;79917005106
2021-01-30 00:00:00;7035;30114;80157611196
2021-01-29 00:00:00;7038;30233;80599805808
2021-01-28 00:00:00;7036;30163;80364528658
2021-01-27 00:00:00;7017;30130;80653458190
2021-01-26 00:00:00;6994;30053;80598422208
2021-01-25 00:00:00;6991;30179;81384519345
2021-01-24 00:00:00;6958;29977;81238309376
2021-01-23 00:00:00;6927;29857;80921355721
2021-01-22 00:00:00;6919;29894;81070743398
2021-01-21 00:00:00;6912;29967;81235160954
2021-01-20 00:00:00;6897;29940;81336689864
2021-01-19 00:00:00;6886;29888;81093195901
2021-01-18 00:00:00;6862;29896;81248418444
2021-01-17 00:00:00;6840;29769;81339220838
2021-01-16 00:00:00;6817;29753;81408728446
2021-01-15 00:00:00;6806;29790;81550195307
2021-01-14 00:00:00;6794;29783;81592760279
2021-01-13 00:00:00;6794;29804;81592611476
2021-01-12 00:00:00;6784;29769;80836308805
2021-01-11 00:00:00;6773;29778;80849649634
2021-01-10 00:00:00;6760;29699;80977025858
2021-01-09 00:00:00;6745;29678;81366051024
2021-01-08 00:00:00;6738;29651;80818110635
2021-01-07 00:00:00;6724;29635;80706141320
2021-01-06 00:00:00;6699;29555;80740249141
2021-01-05 00:00:00;6689;29475;80590401468
2021-01-04 00:00:00;6672;29456;80598203914
2021-01-03 00:00:00;6662;29473;80202887440
2021-01-02 00:00:00;6655;29434;80245849163
2021-01-01 00:00:00;6623;29357;80129954976
2020-12-31 00:00:00;6613;29353;80209122308
2020-12-30 00:00:00;6557;29113;81105211865
2020-12-29 00:00:00;6500;29016;81460497264
2020-12-28 00:00:00;6461;28978;81489887365
2020-12-27 00:00:00;6408;28966;81564654371
2020-12-26 00:00:00;6453;28993;81615358438
2020-12-25 00:00:00;6440;28962;81771445386
2020-12-24 00:00:00;6421;28938;81981849770
2020-12-23 00:00:00;6411;28954;81996763920
2020-12-22 00:00:00;6402;28973;82207195431
2020-12-21 00:00:00;6408;29026;82317694273
2020-12-20 00:00:00;6400;28976;82163294107
2020-12-19 00:00:00;6391;28972;82193010344
2020-12-18 00:00:00;6388;28956;81882443744
2020-12-17 00:00:00;6399;29100;82403887726
2020-12-16 00:00:00;6403;29197;82406650437
2020-12-15 00:00:00;6412;29190;82452913822
2020-12-14 00:00:00;6403;29117;82085481332
2020-12-13 00:00:00;6387;28987;81639877831
2020-12-12 00:00:00;6385;28977;81607758811
2020-12-11 00:00:00;6383;29011;81709005162
2020-12-10 00:00:00;6391;29062;81715878129
2020-12-09 00:00:00;6392;29075;81788125706
2020-12-08 00:00:00;6386;29017;81677284663
2020-12-07 00:00:00;6377;28980;81174227003
2020-12-06 00:00:00;6352;28833;80814269283
2020-12-05 00:00:00;6345;28803;80844994212
2020-12-04 00:00:00;6333;28786;80798536132
2020-12-03 00:00:00;6337;28831;80649626222
2020-12-02 00:00:00;6331;28858;80687609679
2020-12-01 00:00:00;6328;28891;80615560133
2020-11-30 00:00:00;6328;28920;80430970340
2020-11-29 00:00:00;6300;28882;80433079657
2020-11-28 00:00:00;6234;28785;80678261960
2020-11-27 00:00:00;6226;28771;80800887923
2020-11-26 00:00:00;6229;28914;81254329387
2020-11-25 00:00:00;6236;29053;81302257821
2020-11-24 00:00:00;6240;29112;81493499294
2020-11-23 00:00:00;6228;29231;82311088293
2020-11-22 00:00:00;6215;29192;82313963965
2020-11-21 00:00:00;6199;29115;81679719082
2020-11-20 00:00:00;6175;29034;81394940318
2020-11-19 00:00:00;6167;29066;81779439562
2020-11-18 00:00:00;6143;28979;81653615222
2020-11-17 00:00:00;6136;28947;81372592142
2020-11-16 00:00:00;6136;28961;81492444475
2020-11-15 00:00:00;6104;28738;81072867869
2020-11-14 00:00:00;6074;28490;80575638778
2020-11-13 00:00:00;6068;28469;80679093655
2020-11-12 00:00:00;6045;28379;80231913239
2020-11-11 00:00:00;6032;28281;79585554415
2020-11-10 00:00:00;6023;28221;79262715558
2020-11-09 00:00:00;5978;28001;78342450057
2020-11-08 00:00:00;5932;27904;78174308993
2020-11-07 00:00:00;5921;27852;77848407874
2020-11-06 00:00:00;5926;27909;77984519951
2020-11-05 00:00:00;5927;28054;78390074595
2020-11-04 00:00:00;5941;28289;78435179551
2020-11-03 00:00:00;5913;28310;79102092944
2020-11-02 00:00:00;5941;28544;79897386324
2020-11-01 00:00:00;5940;28627;80337537043
2020-10-31 00:00:00;5942;28767;81271841196
2020-10-30 00:00:00;5954;28885;81867451423
2020-10-29 00:00:00;5960;29223;82213499491
2020-10-28 00:00:00;5957;29258;82239617108
2020-10-27 00:00:00;5968;29355;82570036784
2020-10-26 00:00:00;5998;29393;82270950287
2020-10-25 00:00:00;5996;29434;82659078864
2020-10-24 00:00:00;5998;29832;84250185414
2020-10-23 00:00:00;6008;29850;84617152224
2020-10-22 00:00:00;6013;29900;84655010169
2020-10-21 00:00:00;6018;30015;85167351728
2020-10-20 00:00:00;6015;30070;85575286368
2020-10-19 00:00:00;6015;30112;84899695691
2020-10-18 00:00:00;6017;30143;85591306804
2020-10-17 00:00:00;6007;30099;85745511232
2020-10-16 00:00:00;6007;30122;85462252441
2020-10-15 00:00:00;5982;30035;85615765498
2020-10-14 00:00:00;5975;29964;85611695913
2020-10-13 00:00:00;5970;29948;85640726443
2020-10-12 00:00:00;5927;29911;85266093408
2020-10-11 00:00:00;5913;29878;84319582462
2020-10-10 00:00:00;5915;29912;84476078854
2020-10-09 00:00:00;5918;29949;84364469416
2020-10-08 00:00:00;5916;29935;84518845815
2020-10-07 00:00:00;5910;29952;84691053616
2020-10-06 00:00:00;5939;29993;84730421805
2020-10-05 00:00:00;5975;29967;84912080990
2020-10-04 00:00:00;5967;29506;84687187034
2020-10-03 00:00:00;5965;29520;84529442698
2020-10-02 00:00:00;5969;29509;84434868263
2020-10-01 00:00:00;5970;29540;84261402672
2020-09-30 00:00:00;5957;29512;84124969872
2020-09-29 00:00:00;5962;29516;84277404323
2020-09-28 00:00:00;5964;29544;84223783363
2020-09-27 00:00:00;5980;29561;84140275213
2020-09-26 00:00:00;5957;29437;83788138204
2020-09-25 00:00:00;5937;29358;83649380018
2020-09-24 00:00:00;5926;29288;83326011984
2020-09-23 00:00:00;5909;29207;83162429109
2020-09-22 00:00:00;5916;29301;82669330321
2020-09-21 00:00:00;5922;29384;82165023371
2020-09-20 00:00:00;5924;29322;81542748492
2020-09-19 00:00:00;5957;29913;82016379482
2020-09-18 00:00:00;5968;30146;81879787883
2020-09-17 00:00:00;5965;30259;81650845556
2020-09-16 00:00:00;5963;30240;81611611887
2020-09-15 00:00:00;5977;30299;81657338068
2020-09-14 00:00:00;5972;30364;81549774814
2020-09-13 00:00:00;5974;30354;81644661287
2020-09-12 00:00:00;5965;30145;81059406884
2020-09-11 00:00:00;5973;30221;81388434650
2020-09-10 00:00:00;5977;30236;81159721719
2020-09-09 00:00:00;5970;30158;80953107921
2020-09-08 00:00:00;5950;29976;80473215981
2020-09-07 00:00:00;5978;29953;79779508805
2020-09-06 00:00:00;5976;30039;79817664488
2020-09-05 00:00:00;5981;30058;79868329546
2020-09-04 00:00:00;5972;30023;79694416314
2020-09-03 00:00:00;5962;29986;79663059538
2020-09-02 00:00:00;5952;29888;79303971028
2020-09-01 00:00:00;5962;30112;79222501682
2020-08-31 00:00:00;5960;30172;78939441818
2020-08-30 00:00:00;5939;29981;78385107280
2020-08-29 00:00:00;5917;29786;77751463479
2020-08-28 00:00:00;5921;29920;77435153801
2020-08-27 00:00:00;5914;29953;77314686166
2020-08-26 00:00:00;5900;29943;77142326615
2020-08-25 00:00:00;5912;30073;77544538271
2020-08-24 00:00:00;5875;29922;77517030976
2020-08-23 00:00:00;5864;29666;76842408816
2020-08-22 00:00:00;5852;29587;76609369572
2020-08-21 00:00:00;5856;29638;76555408780
2020-08-20 00:00:00;5857;29703;76527393892
2020-08-19 00:00:00;5857;29747;76643626683
2020-08-18 00:00:00;5870;29823;76900083229
2020-08-17 00:00:00;5874;29811;77116896974
2020-08-16 00:00:00;5872;29745;76988247431
2020-08-15 00:00:00;5883;29837;77016484981
2020-08-14 00:00:00;5881;29835;76863561869
2020-08-13 00:00:00;5868;29771;76363553346
2020-08-12 00:00:00;5861;29746;76106118838
2020-08-11 00:00:00;5876;29824;76278222424
2020-08-10 00:00:00;5944;29971;76590907569
2020-08-09 00:00:00;5937;29827;76199529524
2020-08-08 00:00:00;5925;29740;75987278940
2020-08-07 00:00:00;5916;29704;75930753168
2020-08-06 00:00:00;5913;29712;75800848085
2020-08-05 00:00:00;5909;29718;75757327974
2020-08-04 00:00:00;5910;29888;75970058761
2020-08-03 00:00:00;5912;29942;76003251183
2020-08-02 00:00:00;5909;29885;75747586908
2020-08-01 00:00:00;5905;29887;75693838465
2020-07-31 00:00:00;5899;29934;75752701989
2020-07-30 00:00:00;5894;29970;75717188913
2020-07-29 00:00:00;5894;29985;75663230633
2020-07-28 00:00:00;5894;29957;75583211864
2020-07-27 00:00:00;5891;29976;75832370430
2020-07-26 00:00:00;5876;29933;75633966655
2020-07-25 00:00:00;5882;29997;75918389050
2020-07-24 00:00:00;5899;30119;76139917271
2020-07-23 00:00:00;5898;30169;76213417977
2020-07-22 00:00:00;5889;30130;75920149888
2020-07-21 00:00:00;5891;30136;75854766227
2020-07-20 00:00:00;5890;30140;75927095997
2020-07-19 00:00:00;5889;30119;75830210647
2020-07-18 00:00:00;5882;30127;75931046377
2020-07-17 00:00:00;5880;30179;76067262497
2020-07-16 00:00:00;5886;30216;76069964789
2020-07-15 00:00:00;5887;30232;76193422785
2020-07-14 00:00:00;5885;30268;76079987645
2020-07-13 00:00:00;5890;30288;75988764114
2020-07-12 00:00:00;5883;30219;75782268014
2020-07-11 00:00:00;5876;30155;75607422839
2020-07-10 00:00:00;5876;30147;75692098372
2020-07-09 00:00:00;5874;30108;75649174193
2020-07-08 00:00:00;5863;30014;75348493668
2020-07-07 00:00:00;5856;30019;75347132431
2020-07-06 00:00:00;5854;30055;75330809462
2020-07-05 00:00:00;5851;30100;75209407321
2020-07-04 00:00:00;5841;30064;75152626192
2020-07-03 00:00:00;5822;29936;74770822794
2020-07-02 00:00:00;5808;29817;74270129389
2020-07-01 00:00:00;5799;29718;74093042388
2020-06-30 00:00:00;5789;29557;73510160671
2020-06-29 00:00:00;5809;29726;73856273967
2020-06-28 00:00:00;5808;29695;73770021543
2020-06-27 00:00:00;5794;29558;73546241100
2020-06-26 00:00:00;5800;29595;73746383147
2020-06-25 00:00:00;5764;29584;73704390657
2020-06-24 00:00:00;5756;29491;73482885137
2020-06-23 00:00:00;5775;29621;73673545877
2020-06-22 00:00:00;5781;29669;73860409661
2020-06-21 00:00:00;5795;29644;73569199325
2020-06-20 00:00:00;5785;29459;73307433883
2020-06-19 00:00:00;5765;29251;72619282517
2020-06-18 00:00:00;5756;29134;72414507410
2020-06-17 00:00:00;5748;29065;72182696983
2020-06-16 00:00:00;5739;28979;72034672560
2020-06-15 00:00:00;5716;28817;71658991188
2020-06-14 00:00:00;5700;28611;71250735117
2020-06-13 00:00:00;5690;28525;71014666225
2020-06-03 00:00:00;5525;27712;68881658624
2020-06-02 00:00:00;5515;27672;68722082784
2020-06-01 00:00:00;5506;27633;68634000453
2020-05-31 00:00:00;5504;27601;68573790721
2020-05-30 00:00:00;5524;27681;69090404143
2020-05-29 00:00:00;5560;27975;69804430406
2020-05-28 00:00:00;5581;28206;70477803660
2020-05-27 00:00:00;5586;28236;70580392482
2020-05-26 00:00:00;5588;28241;70584302429
2020-05-25 00:00:00;5582;28231;70539371858
2020-05-24 00:00:00;5569;28263;70962584229
2020-05-23 00:00:00;5607;28508;71294154579
2020-05-22 00:00:00;5629;28897;71774584322
2020-05-21 00:00:00;5573;28903;72308680780
2020-05-20 00:00:00;5529;28735;71900924270
2020-05-19 00:00:00;5521;28682;71630138671
2020-05-18 00:00:00;5521;28660;71515127447
2020-05-17 00:00:00;5558;28982;72539869186
2020-05-16 00:00:00;5565;29005;72545056397
2020-05-15 00:00:00;5554;28923;72340561758
2020-05-14 00:00:00;5540;28826;72283723796
2020-05-13 00:00:00;5513;28668;71832294388
2020-05-12 00:00:00;5528;28842;72395236496
2020-05-11 00:00:00;5547;28933;72992526654
2020-05-10 00:00:00;5547;29122;73167193209
2020-05-09 00:00:00;5553;29309;73628443592
2020-05-08 00:00:00;5551;29290;73261178200
2020-05-07 00:00:00;5471;28910;72590850005
2020-05-06 00:00:00;5441;28721;71992925160
2020-05-05 00:00:00;5484;29064;73025863108
2020-05-04 00:00:00;5488;29044;72572506841
2020-05-03 00:00:00;5481;28965;72837351238
2020-05-02 00:00:00;5420;28818;72391617814
2020-05-01 00:00:00;5431;28936;72661871910
2020-04-30 00:00:00;5438;29039;72904843332
2020-04-29 00:00:00;5444;29136;73036072439
2020-04-28 00:00:00;5437;29114;72819470198
2020-04-27 00:00:00;5429;29056;72253067191
2020-04-26 00:00:00;5412;29071;72326643037
2020-04-25 00:00:00;5440;29348;72681280295
2020-04-24 00:00:00;5433;29376;72562026073
2020-04-23 00:00:00;5373;29369;72580808103
2020-04-22 00:00:00;5375;29405;72595816030
2020-04-21 00:00:00;5352;29282;72442829309
2020-04-20 00:00:00;5284;29118;72084992038
2020-04-19 00:00:00;5277;29184;72217825332
2020-04-18 00:00:00;5279;29196;72209084382
2020-04-17 00:00:00;5282;29197;72169865101
2020-04-16 00:00:00;5270;29112;72087644048
2020-04-15 00:00:00;5250;29023;71974225462
2020-04-14 00:00:00;5251;28991;71824029378
2020-04-13 00:00:00;5267;29146;72575095684
2020-04-12 00:00:00;5263;29127;72761691692
2020-04-11 00:00:00;5251;29031;72375280702
2020-04-10 00:00:00;5239;28953;72190990040
2020-04-09 00:00:00;5243;28883;71670246024
2020-04-08 00:00:00;5235;28737;70368381721
2020-04-07 00:00:00;5230;28705;70117232938
2020-04-06 00:00:00;5226;28656;70086307510
2020-04-05 00:00:00;5204;28259;69003578765
2020-04-04 00:00:00;5159;27950;68052513812
2020-04-03 00:00:00;5222;28882;69991527632
2020-04-02 00:00:00;5232;29129;70523066862
2020-04-01 00:00:00;5229;29108;70423243403
2020-03-31 00:00:00;5235;29141;70496457408
2020-03-30 00:00:00;5230;29142;70227354013
2020-03-29 00:00:00;5204;28966;69849756342
2020-03-28 00:00:00;5199;28931;69715606567
2020-03-27 00:00:00;5198;28909;69653738649
2020-03-26 00:00:00;5142;28491;69453128014
2020-03-25 00:00:00;4891;26602;64249299988
2020-03-24 00:00:00;4880;26555;64054984760
2020-03-23 00:00:00;4869;26482;63826803368
2020-03-22 00:00:00;4860;26431;63602018385
2020-03-21 00:00:00;4851;26354;63245410094
2020-03-20 00:00:00;4416;24405;61374526673
2020-03-19 00:00:00;4952;27914;69370929697
2020-03-18 00:00:00;5091;28624;69711478267
2020-03-17 00:00:00;5091;28634;69083169576
2020-03-16 00:00:00;5077;28558;69203727941
2020-03-15 00:00:00;5060;28378;68747087419
2020-03-14 00:00:00;5084;28700;69213709777
2020-03-13 00:00:00;5092;28773;69106453872
2020-03-12 00:00:00;5099;28821;69128866757
2020-03-11 00:00:00;5109;28945;69396523886
2020-03-10 00:00:00;5116;29128;69743542751
2020-03-09 00:00:00;5118;29226;69873365778
2020-03-08 00:00:00;5131;29319;69998478902
2020-03-07 00:00:00;5157;29528;70341836844
2020-03-06 00:00:00;5158;29610;70492621845
2020-03-05 00:00:00;5138;29646;70999398794
2020-03-04 00:00:00;5110;29333;70170728679
2020-03-03 00:00:00;5106;29305;70032027981
2020-03-02 00:00:00;5111;29328;69713705563
2020-03-01 00:00:00;5110;29313;69839824400
2020-02-29 00:00:00;5078;29472;69997619818
2020-02-28 00:00:00;5072;29399;69731539355
2020-02-27 00:00:00;5059;29356;69863725512
2020-02-26 00:00:00;5060;29488;70144066816
2020-02-25 00:00:00;5049;29463;70061155516
2020-02-24 00:00:00;5047;29435;69808981067
2020-02-23 00:00:00;5055;29628;70317045335
2020-02-22 00:00:00;5052;29745;70507472154
2020-02-21 00:00:00;5085;29884;70617628251
2020-02-20 00:00:00;5086;29952;70896912683
2020-02-19 00:00:00;5083;29927;70816132351
2020-02-18 00:00:00;5083;29898;70759374199
2020-02-17 00:00:00;5081;29827;70550331504
2020-02-16 00:00:00;5060;29508;69639668588
2020-02-15 00:00:00;5047;29356;68931116217
2020-02-14 00:00:00;5037;29340;68818065502
2020-02-13 00:00:00;5028;29224;68273459585
2020-02-12 00:00:00;5009;28988;67721168746
2020-02-11 00:00:00;4979;28808;67044913821
2020-02-10 00:00:00;4979;28802;67199451896
2020-02-09 00:00:00;4972;28827;67761568360
2020-02-08 00:00:00;4973;28811;67579406600
2020-02-07 00:00:00;4991;29019;68479793299
2020-02-06 00:00:00;4987;29148;69065816403
2020-02-05 00:00:00;4957;29053;69362835095
2020-02-04 00:00:00;4949;29033;69595430461
2020-02-03 00:00:00;4927;28952;69473099573
2020-02-02 00:00:00;4781;28094;69349866807
2020-02-01 00:00:00;4528;26765;65711635442
2019-11-16 00:00:00;4533;26519;61816962200
2019-11-15 00:00:00;4594;27185;63204291627
2019-11-14 00:00:00;4612;27447;63703442107
2019-11-13 00:00:00;4626;27562;63931040431
2019-11-12 00:00:00;4641;27729;64426426577
2019-11-11 00:00:00;4661;27922;64749998741
2019-11-10 00:00:00;4666;27976;64782766881
2019-11-09 00:00:00;4672;28030;64931879021
2019-11-08 00:00:00;4673;28070;64952536267
2019-11-07 00:00:00;4668;28090;65040020437
2019-11-06 00:00:00;4664;28051;64979601071
2019-11-05 00:00:00;4660;28095;65090151621
2019-11-04 00:00:00;4694;28438;65656189408
2019-11-03 00:00:00;4709;28418;65578417668
2019-11-02 00:00:00;4697;28355;65416075953
2019-11-01 00:00:00;4704;28418;65473304074
2019-10-31 00:00:00;4676;28396;65584884251
2019-10-30 00:00:00;4691;28403;65522501295
2019-10-29 00:00:00;4690;28491;65614878778
2019-10-28 00:00:00;4688;28526;65499620787
2019-10-27 00:00:00;4684;28527;65423090859
2019-10-26 00:00:00;4678;28435;65245709724
2019-10-25 00:00:00;4665;28358;65004318542
2019-10-24 00:00:00;4657;28272;64938485958
2019-10-23 00:00:00;4652;28205;64780958911
2019-10-22 00:00:00;4642;28104;64177621752
2019-10-21 00:00:00;4636;27995;63993472942
2019-10-20 00:00:00;4617;27837;63832868160
2019-10-19 00:00:00;4598;27665;63484532248
2019-10-18 00:00:00;4622;27981;63985418011
2019-10-17 00:00:00;4623;28245;64466471883
2019-10-16 00:00:00;4622;28209;64250799708
2019-10-15 00:00:00;4584;28057;63934587258
2019-10-14 00:00:00;4568;27826;63535597395
2019-10-13 00:00:00;4533;27679;63181391518
2019-10-12 00:00:00;4532;27855;63428801845
2019-10-11 00:00:00;4541;28019;63626836227
2019-10-10 00:00:00;4688;28261;63715084251
2019-10-09 00:00:00;4695;28399;63957200304
2019-10-08 00:00:00;4698;28571;64191735273
2019-10-07 00:00:00;4718;28877;64682526692
2019-10-06 00:00:00;4739;29185;65112673662
2019-10-05 00:00:00;4743;29201;65121146133
2019-10-04 00:00:00;4733;29093;64958650444
2019-10-03 00:00:00;4733;29182;65322255295
2019-10-02 00:00:00;4741;29296;65473840625
2019-10-01 00:00:00;4763;29376;65521616399
2019-09-30 00:00:00;4768;29355;65452593265
2019-09-29 00:00:00;4772;29333;65491336106
2019-09-28 00:00:00;4773;29246;65372067899
2019-09-27 00:00:00;4766;29254;65422488548
2019-09-26 00:00:00;4760;29323;65595881838
2019-09-25 00:00:00;4763;29358;65919580723
2019-09-24 00:00:00;4769;29399;66515171137
2019-09-23 00:00:00;4770;29395;66600803085
2019-09-22 00:00:00;4744;29111;66331467082
2019-09-21 00:00:00;4740;29076;66307593531
2019-09-20 00:00:00;4743;29106;66310318290
2019-09-19 00:00:00;4752;29290;67067448340
2019-09-18 00:00:00;4752;29315;67056303909
2019-09-17 00:00:00;4741;29249;67096328013
2019-09-16 00:00:00;4742;29258;67136526849
2019-09-15 00:00:00;4733;29200;67026123296
2019-09-14 00:00:00;4729;29079;66699666284
2019-09-13 00:00:00;4744;29127;66574039380
2019-09-12 00:00:00;4746;29162;66338882361
2019-09-11 00:00:00;4830;29909;67817082986
2019-09-10 00:00:00;4819;29873;67755095167
2019-09-09 00:00:00;4815;29853;67739886237
2019-09-08 00:00:00;4804;29706;67432624137
2019-09-07 00:00:00;4791;29564;66988305415
2019-09-06 00:00:00;4777;29293;66687405880
2019-09-05 00:00:00;4805;29716;67895426781
2019-09-04 00:00:00;4786;29461;67877498525
2019-09-03 00:00:00;4745;29123;67337323649
2019-09-02 00:00:00;4739;29034;67222921249
2019-09-01 00:00:00;4737;29064;67359431201
2019-08-31 00:00:00;4731;29096;67578209933
2019-08-30 00:00:00;4741;29152;67658775210
2019-08-29 00:00:00;4751;29211;67766557699
2019-08-28 00:00:00;4751;29220;67898108292
2019-08-27 00:00:00;4742;29139;67683427357
2019-08-26 00:00:00;4725;28952;67430991478
2019-08-25 00:00:00;4718;28949;67376148723
2019-08-24 00:00:00;4716;28959;67359891255
2019-08-23 00:00:00;4728;29020;67450920783
2019-08-22 00:00:00;4720;28985;67514716042
2019-08-21 00:00:00;4697;28734;67169529104
2019-08-20 00:00:00;4706;28881;67316850318
2019-08-19 00:00:00;4711;28962;67506347415
2019-08-18 00:00:00;4717;28965;67509297979
2019-08-17 00:00:00;4723;29002;67592484712
2019-08-16 00:00:00;4732;29056;67591083837
2019-08-15 00:00:00;4741;28956;67476764223
2019-08-14 00:00:00;4746;30229;75388816630
2019-08-13 00:00:00;4759;30359;75952034368
2019-08-12 00:00:00;4750;30379;76028066664
2019-08-11 00:00:00;4748;30278;75944818466
2019-08-10 00:00:00;4743;30302;75968785494
2019-08-09 00:00:00;4750;30374;76140363251
2019-08-08 00:00:00;4738;30350;76096392132
2019-08-07 00:00:00;4724;30482;76382210819
2019-08-06 00:00:00;4713;30552;76568826189
2019-08-05 00:00:00;4710;30695;77580564159
2019-08-04 00:00:00;4695;30701;77652559411
2019-08-03 00:00:00;4680;30944;79237294219
2019-08-02 00:00:00;4630;30908;79307078395
2019-08-01 00:00:00;4552;30838;79280174737
2019-07-31 00:00:00;4558;30762;78230740693
2019-07-30 00:00:00;4561;31014;79827812377
2019-07-29 00:00:00;4565;31386;82703326559
2019-07-28 00:00:00;4560;31386;82719067989
2019-07-27 00:00:00;4546;31333;82682329312
2019-07-26 00:00:00;4536;31210;82366875787
2019-07-25 00:00:00;4531;31061;81986425424
2019-07-24 00:00:00;4517;30993;81871356461
2019-07-23 00:00:00;4509;30871;81591576567
2019-07-22 00:00:00;4504;30792;81472715158
2019-07-21 00:00:00;4492;30669;81265890028
2019-07-20 00:00:00;4480;30392;79693954777
2019-07-19 00:00:00;4474;30309;79544070633
2019-07-18 00:00:00;4490;30207;78759453389
2019-07-17 00:00:00;4475;30104;78539007762
2019-07-16 00:00:00;4465;29880;77745379671
2019-07-15 00:00:00;4445;29766;77469016473
2019-06-28 00:00:00;4035;25778;69629804151
2019-06-27 00:00:00;4343;30557;77910359308
2019-06-26 00:00:00;4392;31436;79276461240
2019-06-25 00:00:00;4410;31557;79468692443
2019-06-24 00:00:00;4427;31703;79561912545
2019-06-23 00:00:00;4434;31761;79628667033
2019-06-22 00:00:00;4436;31799;79622335490
2019-06-21 00:00:00;4441;31850;79674087817
2019-06-20 00:00:00;4446;31904;79753245016
2019-06-19 00:00:00;4409;31515;79109904172
2019-06-18 00:00:00;4402;31507;79061566349
2019-06-17 00:00:00;4406;31513;79022953588
2019-06-16 00:00:00;4419;31553;79036597883
2019-06-15 00:00:00;4412;31497;78920274365
2019-06-14 00:00:00;4396;31422;78684777172
2019-06-13 00:00:00;4028;25068;67091954290
2019-05-10 00:00:00;4160;33518;90616649816
2019-05-09 00:00:00;4169;33716;90835355864
2019-05-08 00:00:00;4181;33825;90939718974
2019-05-07 00:00:00;4190;33929;91034704955
2019-05-06 00:00:00;4194;34008;91171026886
2019-05-05 00:00:00;4197;34035;91171417330
2019-05-04 00:00:00;4215;34167;91188415479
2019-05-03 00:00:00;4215;34169;91134944114
2019-05-02 00:00:00;4234;34274;91180789392
2019-05-01 00:00:00;4238;34290;91177506434
2019-04-30 00:00:00;4242;34308;91124852771
2019-04-29 00:00:00;4228;34221;90974049274
2019-04-28 00:00:00;4228;34227;91041808914
2019-04-27 00:00:00;4125;32535;87303924654
2019-03-18 00:00:00;3465;24376;57296135591
2019-03-17 00:00:00;3479;24559;57459191893
2019-03-16 00:00:00;3486;24990;57682056134
2019-03-15 00:00:00;3506;25247;58036254489
2019-03-14 00:00:00;3524;25471;58282683895
2019-03-13 00:00:00;3533;25946;58603251401
2019-03-12 00:00:00;3556;26456;58992812289
2019-03-11 00:00:00;3573;26692;59153119736
2019-03-10 00:00:00;3587;26965;59612547243
2019-03-09 00:00:00;3602;27292;59961491222
2019-03-08 00:00:00;3612;27587;60405740622
2019-03-07 00:00:00;3625;27811;60636758814
2019-03-06 00:00:00;3630;28052;61482546474
2019-03-05 00:00:00;3545;27682;61011106239
2019-03-04 00:00:00;3509;27005;59396346179
2019-03-03 00:00:00;3465;26512;58744159067
2019-03-02 00:00:00;3383;25834;58078258877
2019-03-01 00:00:00;3368;25354;57562121886
2019-02-28 00:00:00;3313;24808;57021588580
2019-02-27 00:00:00;3275;24383;56537912902
2019-02-26 00:00:00;3225;23771;55874261463
2019-02-25 00:00:00;3174;23371;55628332226
2019-02-24 00:00:00;3116;22745;54961055967
2019-02-23 00:00:00;3055;22172;54407469703
2019-02-22 00:00:00;2992;21428;53653198941
2019-02-21 00:00:00;2959;20678;52859252971
2019-02-20 00:00:00;2810;17305;47027892745
2019-02-02 00:00:00;2639;18900;50923209979
2019-02-01 00:00:00;2651;18975;50913954820
2019-01-31 00:00:00;2657;19050;51041154046
2019-01-30 00:00:00;2673;19159;51127719052
2019-01-29 00:00:00;2678;19217;51088662022
2019-01-28 00:00:00;2679;19276;51146046860
2019-01-27 00:00:00;2684;19351;51160932029
2019-01-26 00:00:00;2688;19370;51175215118
2019-01-25 00:00:00;2692;19389;51182250500
2019-01-24 00:00:00;2697;19407;51191706326
2019-01-23 00:00:00;2699;19416;51202917558
2019-01-22 00:00:00;2701;19426;51233170294
2019-01-21 00:00:00;2703;19437;51226051791
2019-01-20 00:00:00;2524;15556;40597014835
2019-01-19 00:00:00;1523;4691;10738914488
2019-01-18 00:00:00;1419;4105;9705390319
2019-01-17 00:00:00;1331;3603;7963139429
2019-01-16 00:00:00;1146;2819;5808470708
2019-01-15 00:00:00;1021;2247;4258689028
2019-01-14 00:00:00;900;1743;2365734940
2019-01-13 00:00:00;778;1405;2099962333
2019-01-12 00:00:00;709;1219;1938795135
2019-01-11 00:00:00;677;1079;1803874056
2019-01-10 00:00:00;626;932;1628042535
2019-01-09 00:00:00;619;942;1686030599
2019-01-08 00:00:00;605;902;1569778839
2019-01-07 00:00:00;574;816;1456049921
2019-01-06 00:00:00;537;747;1346958691
2019-01-05 00:00:00;440;561;1232993248
2019-01-04 00:00:00;389;487;1107540630
2019-01-03 00:00:00;368;452;1031441121
2019-01-02 00:00:00;308;366;826250147
2019-01-01 00:00:00;293;334;751564689
2018-12-31 00:00:00;278;304;679877095
2018-12-30 00:00:00;262;279;613148319
2018-12-29 00:00:00;254;271;563346748
2018-12-28 00:00:00;237;253;394133936
2018-12-27 00:00:00;236;253;347616864
2018-12-26 00:00:00;188;196;226861399
2018-12-25 00:00:00;158;162;217358696
2018-12-24 00:00:00;148;152;187080527
2018-12-23 00:00:00;134;140;185810612
2018-12-22 00:00:00;129;140;166008566
2018-12-21 00:00:00;138;155;178408833
2018-12-20 00:00:00;143;165;179101122
2018-12-19 00:00:00;138;159;161573495
2018-12-18 00:00:00;135;152;143921474
2018-12-17 00:00:00;133;150;143572043
2018-12-16 00:00:00;130;145;158715516
2018-12-15 00:00:00;128;140;148659409
2018-12-14 00:00:00;115;123;136943557
2018-12-13 00:00:00;113;118;134669771
2018-12-12 00:00:00;123;134;162123811
2018-12-11 00:00:00;115;130;158759207
2018-12-10 00:00:00;131;156;223522451
2018-12-09 00:00:00;138;165;226027616
2018-12-08 00:00:00;130;150;206828483
2018-12-07 00:00:00;120;135;193685654
2018-12-06 00:00:00;110;117;173152596
2018-12-05 00:00:00;114;118;173561975
2018-12-04 00:00:00;108;112;169439001
2018-12-03 00:00:00;107;110;149060369
2018-12-02 00:00:00;103;104;128289839
2018-12-01 00:00:00;103;105;148262057
2018-11-30 00:00:00;113;119;156141756
2018-11-29 00:00:00;113;116;148147868
2018-11-28 00:00:00;103;93;110430004
2018-11-27 00:00:00;109;102;110969704
2018-11-26 00:00:00;82;70;42137420
2018-11-25 00:00:00;84;80;50420017
2018-11-24 00:00:00;83;79;50036825
2018-11-23 00:00:00;82;79;49779387
2018-11-22 00:00:00;83;82;67785841
2018-11-21 00:00:00;83;83;67986738
2018-11-20 00:00:00;96;98;74169776
2018-11-19 00:00:00;99;99;75254354
2018-11-18 00:00:00;97;99;75173134
2018-11-17 00:00:00;91;96;55465919
2018-11-16 00:00:00;83;86;66533636
2018-11-15 00:00:00;82;84;69672054
2018-11-14 00:00:00;82;84;69672054
2018-11-13 00:00:00;73;72;68272355
2018-11-12 00:00:00;73;72;68015215
2018-11-11 00:00:00;63;54;55652306
2018-11-10 00:00:00;64;55;55709887
2018-11-09 00:00:00;64;54;55629887
2018-11-08 00:00:00;61;49;36997890
2018-11-07 00:00:00;60;49;37802610
2018-11-06 00:00:00;51;39;33726254
2018-11-05 00:00:00;46;34;32848152
2018-11-04 00:00:00;50;38;33034093
2018-11-03 00:00:00;46;35;32244093
2018-11-02 00:00:00;40;30;13266878
2018-11-01 00:00:00;38;29;10981623
2018-10-31 00:00:00;41;33;11804231
2018-10-30 00:00:00;42;35;10634231
2018-10-29 00:00:00;45;42;11863445
2018-10-28 00:00:00;42;38;10315601
2018-10-27 00:00:00;40;36;10186918
2018-10-26 00:00:00;42;38;10566918
2018-10-25 00:00:00;46;42;28223604
2018-10-24 00:00:00;45;43;27603242
2018-10-23 00:00:00;44;41;25916560
2018-10-22 00:00:00;46;47;33005083
2018-10-21 00:00:00;46;47;35026304
2018-10-20 00:00:00;47;49;35536948
2018-10-19 00:00:00;51;56;55677936
2018-10-18 00:00:00;52;57;53434351
2018-10-17 00:00:00;52;58;77312036
2018-10-16 00:00:00;52;60;77935695
2018-10-15 00:00:00;58;59;79798512
2018-10-14 00:00:00;61;62;79989193
2018-10-13 00:00:00;67;70;85429739
2018-10-12 00:00:00;66;72;85311739
2018-10-11 00:00:00;67;73;71259604
2018-10-10 00:00:00;60;67;70164970
2018-10-09 00:00:00;60;68;71548924
2018-10-08 00:00:00;57;63;65702924
2018-10-07 00:00:00;58;68;65106403
2018-10-06 00:00:00;62;73;67481959
2018-10-05 00:00:00;65;73;65791491
2018-10-04 00:00:00;78;93;89533411
2018-10-03 00:00:00;79;93;65844465
2018-10-02 00:00:00;80;91;65450806
2018-10-01 00:00:00;73;85;62328775
2018-09-30 00:00:00;73;84;62623524
2018-09-29 00:00:00;72;85;77282704
2018-09-28 00:00:00;75;84;78028372
2018-09-27 00:00:00;73;80;74451783
2018-09-26 00:00:00;77;87;93788910
2018-09-25 00:00:00;76;85;92684956
2018-09-24 00:00:00;81;97;98784956
2018-09-23 00:00:00;78;91;98418881
2018-09-22 00:00:00;73;90;96436466
2018-09-21 00:00:00;72;91;83191038
2018-09-20 00:00:00;64;70;74962258
2018-09-19 00:00:00;67;76;76497729
2018-09-18 00:00:00;80;91;89252836
2018-09-17 00:00:00;80;94;91501468
2018-09-16 00:00:00;79;94;91363278
2018-09-15 00:00:00;76;86;71663552
2018-09-14 00:00:00;75;85;70966366
2018-09-13 00:00:00;76;88;71158404
2018-09-12 00:00:00;78;88;54149145
2018-09-11 00:00:00;79;88;54134145
2018-09-10 00:00:00;77;82;46535160
2018-09-09 00:00:00;76;81;45805259
2018-09-08 00:00:00;74;77;45601474
2018-09-07 00:00:00;72;73;40930518
2018-09-06 00:00:00;69;69;24970963
2018-09-05 00:00:00;62;59;22249145
2018-09-04 00:00:00;52;45;9394038
2018-09-03 00:00:00;50;41;7505406
2018-09-02 00:00:00;49;41;8397923
2018-09-01 00:00:00;48;40;7997923
2018-08-31 00:00:00;53;47;9283215
2018-08-30 00:00:00;52;47;10307308
2018-08-29 00:00:00;47;43;8299440
2018-08-28 00:00:00;48;42;7654440
2018-08-27 00:00:00;46;39;7643005
2018-08-26 00:00:00;43;38;6970674
2018-08-25 00:00:00;43;38;6791322
2018-08-24 00:00:00;41;38;7717186
2018-08-23 00:00:00;43;40;7787186
2018-08-22 00:00:00;46;44;7732186
2018-08-21 00:00:00;43;42;7402186
2018-08-20 00:00:00;44;43;7067186
2018-08-19 00:00:00;42;42;5877429
2018-08-18 00:00:00;44;45;6027429
2018-08-17 00:00:00;44;39;5755101
2018-08-16 00:00:00;40;36;4631008
2018-08-15 00:00:00;43;37;4613008
2018-08-14 00:00:00;44;38;14571658
2018-08-13 00:00:00;38;34;13962078
2018-08-12 00:00:00;37;32;13919744
2018-08-11 00:00:00;39;34;15019096
2018-08-10 00:00:00;37;31;13659096
2018-08-09 00:00:00;38;31;14609096
2018-08-08 00:00:00;35;27;14400936
2018-08-07 00:00:00;34;26;14350936
2018-08-06 00:00:00;52;48;64462564
2018-08-05 00:00:00;57;55;98280260
2018-08-04 00:00:00;55;52;98130260
2018-08-03 00:00:00;52;50;97846814
2018-08-02 00:00:00;52;50;97747597
2018-08-01 00:00:00;51;48;97595597
2018-07-31 00:00:00;49;47;87696947
2018-07-30 00:00:00;51;49;88556947
2018-07-29 00:00:00;50;48;88536947
2018-07-28 00:00:00;49;46;87437947
2018-07-27 00:00:00;50;47;87557947
2018-07-26 00:00:00;46;47;87387375
2018-07-25 00:00:00;45;45;87325535
2018-07-24 00:00:00;46;46;87375535
2018-07-23 00:00:00;28;25;37475623
2018-07-22 00:00:00;22;17;3607927
2018-07-21 00:00:00;23;18;3627927
2018-07-20 00:00:00;23;17;3047927
2018-07-19 00:00:00;21;16;3027144
2018-07-18 00:00:00;18;14;2877144
2018-07-17 00:00:00;17;13;2777144
2018-07-16 00:00:00;15;11;1917144
2018-07-15 00:00:00;15;11;1917144
2018-07-14 00:00:00;14;11;1946144
2018-07-13 00:00:00;13;10;1746144
2018-07-12 00:00:00;12;8;1059235
2018-07-11 00:00:00;12;8;1059235
2018-07-10 00:00:00;11;7;1009235
2018-07-09 00:00:00;10;5;733619
2018-07-08 00:00:00;12;6;1033619
2018-07-07 00:00:00;10;5;1013619
2018-07-06 00:00:00;8;4;533619
2018-07-05 00:00:00;8;4;533619
2018-07-04 00:00:00;8;4;533619
2018-07-03 00:00:00;8;4;533619
2018-07-02 00:00:00;10;5;582498
2018-07-01 00:00:00;10;5;582498
2018-06-30 00:00:00;12;6;1357994
2018-06-29 00:00:00;16;9;2072219
2018-06-28 00:00:00;16;9;1947300
2018-06-27 00:00:00;16;9;1947300
2018-06-26 00:00:00;17;10;2147300
2018-06-25 00:00:00;15;9;2146200
2018-06-24 00:00:00;15;9;1866200
2018-06-23 00:00:00;16;10;2366200
2018-06-22 00:00:00;16;10;2366200
2018-06-21 00:00:00;16;10;2366200
2018-06-20 00:00:00;16;10;2366200
2018-06-19 00:00:00;16;10;2366200
2018-06-18 00:00:00;14;9;2317321
2018-06-17 00:00:00;14;9;2317321
2018-06-16 00:00:00;12;7;1491825
2018-06-15 00:00:00;8;4;777600
2018-06-14 00:00:00;10;5;2047124
2018-06-13 00:00:00;17;10;3411158
2018-06-12 00:00:00;16;10;3213158
2018-06-11 00:00:00;16;10;3213158
2018-06-10 00:00:00;14;9;3193158
2018-06-09 00:00:00;12;8;2693158
2018-06-08 00:00:00;13;9;2703158
2018-06-07 00:00:00;13;9;2703158
2018-06-06 00:00:00;17;11;3723158
2018-06-05 00:00:00;17;12;3743158
2018-06-04 00:00:00;17;12;3743158
2018-06-03 00:00:00;17;12;3743158
2018-06-02 00:00:00;19;14;3756736
2018-06-01 00:00:00;21;15;3815200
2018-05-31 00:00:00;19;13;2488076
2018-05-30 00:00:00;14;9;1144542
2018-05-29 00:00:00;13;9;1144542
2018-05-28 00:00:00;16;14;1945642
2018-05-27 00:00:00;16;14;1945642
2018-05-26 00:00:00;20;19;3385642
2018-05-25 00:00:00;20;18;3375642
2018-05-24 00:00:00;20;18;3375642
2018-05-23 00:00:00;19;18;2555642
2018-05-22 00:00:00;20;19;2635642
2018-05-21 00:00:00;24;23;3159642
2018-05-20 00:00:00;27;26;3865717
2018-05-19 00:00:00;32;32;5732441
2018-05-18 00:00:00;32;32;5675977
2018-05-17 00:00:00;32;32;5675977
2018-05-16 00:00:00;31;31;5655477
2018-05-15 00:00:00;34;36;23994722
2018-05-14 00:00:00;30;31;23193622
2018-05-13 00:00:00;31;32;23213622
2018-05-12 00:00:00;29;30;21823622
2018-05-11 00:00:00;30;31;21843622
2018-05-10 00:00:00;30;31;21843622
2018-05-09 00:00:00;29;30;21653622
2018-05-08 00:00:00;29;29;22353622
2018-05-07 00:00:00;25;25;21829622
2018-05-06 00:00:00;23;22;21123547
2018-05-05 00:00:00;16;15;19245245
2018-05-04 00:00:00;15;15;19443245
2018-05-03 00:00:00;15;15;19443245
2018-05-02 00:00:00;19;17;19455245
2018-05-01 00:00:00;15;11;1114000
2018-04-30 00:00:00;17;12;1134000
2018-04-29 00:00:00;16;11;1114000
2018-04-28 00:00:00;14;8;1064000
2018-04-27 00:00:00;14;8;1105149
2018-04-26 00:00:00;18;10;1170049
2018-04-25 00:00:00;17;9;1160049
2018-04-24 00:00:00;16;8;360049
2018-04-23 00:00:00;16;8;360049
2018-04-22 00:00:00;19;11;1380049
2018-04-21 00:00:00;17;10;1378049
2018-04-20 00:00:00;16;9;1178049
2018-04-19 00:00:00;18;10;1185826
2018-04-18 00:00:00;14;8;1173826
2018-04-17 00:00:00;16;9;1183826
2018-04-16 00:00:00;14;8;1163826
2018-04-15 00:00:00;15;9;1397133
2018-04-14 00:00:00;15;9;1397133
2018-04-13 00:00:00;13;8;1335984
2018-04-12 00:00:00;9;6;1271084
2018-04-11 00:00:00;9;6;1271084
2018-04-10 00:00:00;9;6;1271084
2018-04-09 00:00:00;9;6;1271084
2018-04-08 00:00:00;7;4;551084
2018-04-07 00:00:00;8;5;17328300
2018-04-06 00:00:00;10;6;17828300
2018-04-05 00:00:00;8;5;17820523
2018-04-04 00:00:00;8;5;17820523
2018-04-03 00:00:00;9;5;17860523
2018-04-02 00:00:00;9;5;17860523
2018-04-01 00:00:00;8;4;17627216
2018-03-31 00:00:00;8;4;17627216
2018-03-30 00:00:00;8;4;17627216
2018-03-29 00:00:00;8;4;17627216
2018-03-28 00:00:00;8;4;17627216
2018-03-27 00:00:00;8;4;17627216
2018-03-26 00:00:00;8;4;17627216
2018-03-25 00:00:00;6;3;17327216
2018-03-24 00:00:00;4;2;550000
2018-03-23 00:00:00;2;1;50000
2018-03-22 00:00:00;2;1;50000
2018-03-21 00:00:00;2;1;50000
